grammar_name_en,grammar_name_jp,meaning,how_to_use_html,example_1,example_2,source
aida,間（あいだ）,Learn Japanese grammar: 【あいだ】(aida). Meaning: while; during; between ~. Meaning 1) while/during This is used when you do something the whole time during a certain...,"<table class=""table table-bordered table-sm usage""><tbody><tr><td>Verb (dictionary form)</td><td rowspan=""2"">間</td></tr><tr><td>Noun + の</td></tr></tbody></table>","Example #1昨日は、家にいる間、ずっとテレビを見ていました。hintromajiEnglishきのうは、いえにいるあいだ、ずっとテレビをみていました。kinou wa, ie ni iru aida, zutto terebi o miteimashita.Yesterday, while I was home I watched TV the entire time.","Example #2日本にいる間は、毎日日本語を話すつもりです。hintromajiEnglishにほんにいるあいだは、まいにちにほんごをはなすつもりです。nihon ni iru aida wa, mainichi nihongo o hanasu tsumori desu.I plan to speak Japanese everyday while I am in Japan.",https://jlptsensei.com/learn-japanese-grammar/%e9%96%93-aida-meaning/
aida ni,間に（あいだに）,"Learn Japanese grammar: 【あいだに】(aida ni). Meaning: while; during~ something happened. Meaning 1) doing with intent while~ This is very similar to , but one difference...","<table class=""table table-bordered table-sm usage""><tbody><tr><td>Verb (casual, non-past)</td><td rowspan=""4"">間に</td></tr><tr><td>Noun + の</td></tr><tr><td>な-adjective + な</td></tr><tr><td>い-adjective</td></tr></tbody></table>",Example #1夜の間に火事が起こった。hintromajiEnglishよるのあいだにかじがおこった。yoru no aida ni kaji ga okotta.A fire broke out during the night.,Example #2知らない間に寝ていた。hintromajiEnglishしらないあいだにねていた。shiranai aida ni neteita.I fell asleep before I even realized it.,https://jlptsensei.com/learn-japanese-grammar/%e9%96%93%e3%81%ab-aida-ni-meaning/
amari~nai,あまり～ない,"Learn Japanese grammar: (amari~nai). Meaning: not very, not much ~. This is used in combination with the negative form of an adjective or verb to...","<table class=""table table-bordered table-sm usage""><tbody><tr><td rowspan=""3"">あまり</td><td>い-adjective + <s>い</s>くない</td></tr><tr><td>な-adjective + <s>な</s>じゃない</td></tr><tr><td>Verb (ない form)</td></tr></tbody></table>",Example #1私はあまり運動しない。hintromajiEnglishわたしはあまりうんどうしない。watashi wa amari undou shinai.I don't really exercise.,Example #2日本語があまり分からない。hintromajiEnglishにほんごがあまりわからない。nihongo ga amari wakaranai.I don't really understand Japanese.,https://jlptsensei.com/learn-japanese-grammar/%e3%81%82%e3%81%be%e3%82%8a%ef%bd%9e%e3%81%aa%e3%81%84-amarinai-meaning/
ato de,後で（あとで）,"Learn Japanese grammar: 【あとで】 (ato de). Meaning: after~; later. To say something happens before instead, use .","<table class=""table table-bordered table-sm usage""><tbody><tr><td>Verb (た form)</td><td rowspan=""2"">後で<br/>あとで</td></tr><tr><td>Noun + の</td></tr></tbody></table>","Example #1図書館で宿題をしたあとで、帰ります。hintromajiEnglishとしょかんでしゅくだいをしたあとで、かえります。toshokan de shukudai o shita ato de, kaerimasu.I will head home after I finish my homework at the library.","Example #2晩ご飯の後でアイスを食べた。hintromajiEnglishばんごはんのあとでアイスをたべた。bangohan no ato de aisu o tabetaAfter dinner, I had some ice cream.",https://jlptsensei.com/learn-japanese-grammar/%e5%be%8c%e3%81%a7-%e3%81%82%e3%81%a8%e3%81%a7-ato-de-meaning/
ba,ば,"Learn Japanese grammar: (ba). Meaning: conditional form; If [A] then [B]. Standard format: [A] [B] If condition [A] is met, then [B] will happen. Rules...","<table class=""table table-bordered table-sm usage""><tbody><tr><td>special formatting rules (see below)</td></tr></tbody></table>","Example #1このボタンを押せば、ドアが開きます。hintromajiEnglishこのボタンをおせば、ドアがひらきます。kono botan o oseba, doa ga hirakimasu.If you push this button, the door will open.","Example #2あなたが行けば、わたしも行くよ。hintromajiEnglishあなたがいけば、わたしもいくよ。anata ga ikeba, watashi mo iku yo.If you go, then I'm going too.",https://jlptsensei.com/learn-japanese-grammar/%e3%81%b0-ba-conditional-form-meaning/
baai wa,場合は（ばあいは）,Learn Japanese grammar: 【ばあいは】(baai wa). Meaning: in the event of; in the case that ~.,"<table class=""table table-bordered table-sm usage""><tbody><tr><td>Verb (casual)</td><td rowspan=""4"">場合は<br/>ばあいは</td></tr><tr><td>Noun + の</td></tr><tr><td>な-adjective + な</td></tr><tr><td>い-adjective</td></tr></tbody></table>","Example #1パスワードを忘れた場合は、こちらからご連絡ください。hintromajiEnglishパスワードをわすれたばあいは、こちらからごれんらくください。pasuwaado o wasureta baai wa, kochira kara gorenraku kudasai.If you forget your password, please contact us here.","Example #2火事の場合は、119をかけます。hintromajiEnglishかじのばあいは119をかけます。kaji no baai wa, 119 o kakemasu.In the event of a fire, call 119.",https://jlptsensei.com/learn-japanese-grammar/%e5%a0%b4%e5%90%88%e3%81%af-baai-wa-meaning/
bakari,ばかり,"Learn Japanese grammar: (bakari). Meaning: only; nothing but ~.​ This grammar point literally means “only” or “nothing but”, and is often used to express surprise,...","<table class=""table table-bordered table-sm usage""><tbody><tr><td>Noun</td><td rowspan=""2"">ばかり</td></tr><tr><td>Verb (て form)</td></tr></tbody></table>",Example #1娘はテレビばかり見ている。hintromajiEnglishむすめはテレビばかりみている。musume wa terebi bakari miteiru.My daughter does nothing but watch TV.,Example #2彼はお金ばかり考えている。hintromajiEnglishかれはおかねばかりかんがえている。お金だけkare wa o kane bakari kangaiteiru.He only thinks about money.,https://jlptsensei.com/learn-japanese-grammar/%e3%81%b0%e3%81%8b%e3%82%8a-bakari-meaning/
dake de,だけで,Learn Japanese grammar: (dake de). Meaning: just by; just by doing; with only. (dake de) is a combination of and the . It literally means...,"<table class=""table table-bordered table-sm usage""><tbody><tr><td>Verb (casual)</td><td rowspan=""2"">だけで</td></tr><tr><td>Noun</td></tr></tbody></table>",Example #1あなたに会うだけで元気になる。hintromajiEnglishあなたにあうだけでげんきになる。anata ni au dake de genki ni naru.I get energetic from just meeting you.,Example #2あなたの写真を見るだけでうれしい。hintromajiEnglishあなたのしゃしんをみるだけでうれしい。anata no shashin o miru dake de ureshii.I'm happy to just see your picture.,https://jlptsensei.com/learn-japanese-grammar/%e3%81%a0%e3%81%91%e3%81%a7-dake-de-meaning/
dasu,出す（だす）,"to begin to; to start to; to burst into; ... out (e.g. to jump out, to carry out)​",<em>(no usage table)</em>,,,https://jlptsensei.com/learn-japanese-grammar/%e5%87%ba%e3%81%99-dasu-meaning/
de gozaimasu,でございます,"Learn Japanese grammar: (de gozaimasu). Meaning: to be (honorific). This is a more polite version of です (desu), which is often used by work staff...","<table class=""table table-bordered table-sm usage""><tbody><tr><td>です -&gt;</td><td>でございます</td></tr><tr><td>ではありません -&gt;</td><td>でございません</td></tr></tbody></table>",Example #1お釣でございます。hintromajiEnglishおつりでございます。otsuri de gozaimasu.Here is your change.,"Example #2初めまして、経理部の佐藤でございます。hintromajiEnglishはじめまして、けいりぶのさとうでございます。hajime mashite, keiribu no satou degozaimasu.Nice to meet you, I am Satou from accounting.",https://jlptsensei.com/learn-japanese-grammar/%e3%81%a7%e3%81%94%e3%81%96%e3%81%84%e3%81%be%e3%81%99-de-gozaimasu-meaning/
demo,でも,Learn Japanese grammar: (demo). Meaning: … or something; how about~. This can be used to suggest something as a possible option or solution. In this...,"<table class=""table table-bordered table-sm usage""><tbody><tr><td>Noun</td><td>でも</td></tr></tbody></table>",Example #1水でも飲みますか？hintromajiEnglishみずでものみますか？mizu demo nomimasu ka?Would you care for some water or something to drink?,Example #2牛丼でもしましょうか？hintromajiEnglishぎゅうどんでもしましょうか？gyuudon demo shimashou ka?Shall we go with something like the beef bowl?,https://jlptsensei.com/learn-japanese-grammar/%e3%81%a7%e3%82%82-demo-meaning-something/
dewa nai ka,ではないか,Learn Japanese grammar: (dewa nai ka). Meaning: right? isn’t it? This is interchangeable with .,"<table class=""table table-bordered table-sm usage""><tbody><tr><td>phrase</td><td>ではないか<br/>ではありませんか</td></tr></tbody></table>",Example #1トムではないか。hintromajiEnglishとむではないか。tomu dewa nai ka.Well if it isn't Tom?,Example #2何ときれいではないか。hintromajiEnglishなんときれいではないか。nanto kirei dewa nai ka.How pretty!,https://jlptsensei.com/learn-japanese-grammar/%e3%81%a7%e3%81%af%e3%81%aa%e3%81%84%e3%81%8b-dewa-nai-ka-meaning/
ga hitsuyou,が必要（がひつよう）,Learn Japanese grammar: 【がひつよう】(ga hitsuyou). Meaning: need; necessary.,"<table class=""table table-bordered table-sm usage""><tbody><tr><td>Noun</td><td>が必要<br/>は必要</td></tr></tbody></table>",Example #1それは必要だ。hintromajiEnglishそれはひつようだ。sore wa hitsuyou da.It is necessary.,Example #2君が必要だ。hintromajiEnglishきみがひつようだ。kimi ga hitsuyou da.I need you!,https://jlptsensei.com/learn-japanese-grammar/%e3%81%8c%e5%bf%85%e8%a6%81-ga-hitsuyou-meaning/
ga suru,がする,Learn Japanese grammar: (ga suru). Meaning: to smell; hear; or taste.,"<table class=""table table-bordered table-sm usage""><tbody><tr><td>Noun</td><td>がする<br/>がします<br/>がしている</td></tr></tbody></table>",Example #1甘い味がする。hintromajiEnglishあまいあじがする。amai aji ga suru.It has a sweet taste.,Example #2人の声がする。hintromajiEnglishひとのこえがする。hito no koe ga suru.I can hear someone's voice.,https://jlptsensei.com/learn-japanese-grammar/%e3%81%8c%e3%81%99%e3%82%8b-ga-suru-meaning/
gari,がり,Meaning: personality; tend to~; sensitivity towards~. Learn Japanese Grammar 日本語文法 - JLPT N4 - がり (gari). Study example sentences & vocabulary list.,"<table class=""table table-bordered table-sm usage""><tbody><tr><td>な-adjective</td><td rowspan=""2"">がり</td></tr><tr><td>い-adjective <s>い</s></td></tr></tbody></table>",Example #1彼女は寂しがり屋です。hintromajiEnglishかのじょはさびしがりやです。kanojo wa sabishi gari ya desu.She is a lonely person.,Example #2この仕事は恥ずかしがりの人には向いていない 。hintromajiEnglishこのしごとははずかしがりのひとにはむいていない 。kono shigoto wa hazukashi gari no hito ni wa muiteinai.This job is not suited for shy people.,https://jlptsensei.com/learn-japanese-grammar/%e3%81%8c%e3%82%8a-gari-meaning/
garu / gatteiru,がる / がっている,"Meaning: to show signs of; to appear; to feel, to think. Learn Japanese Grammar 日本語文法 - JLPT N4 - がる・がっている (garu/gatteiru). Study vocabulary list.","<table class=""table table-bordered table-sm usage""><tbody><tr><td>な-adjective</td><td rowspan=""2"">がる<br/>がっている<br/>がった<br/>がらないで</td></tr><tr><td>い-adjective <s>い</s></td></tr></tbody></table>",Example #1怖がらないでください。hintromajiEnglishこわがらないでください。kowa garanai de kudasai.Please don't feel scared.,Example #2彼は死ぬのを怖がっている。hintromajiEnglishかれはしぬのをこわがっている。kare wa shinu no o kowa gatteiru.He is afraid of death.,https://jlptsensei.com/learn-japanese-grammar/%e3%81%8c%e3%82%8b-garu-%e3%81%8c%e3%81%a3%e3%81%a6%e3%81%84%e3%82%8b-gatteiru-meaning/
gozaimasu,ございます,"to be, to exist (the polite form of いる/ある)",<em>(no usage table)</em>,,,https://jlptsensei.com/learn-japanese-grammar/%e3%81%94%e3%81%96%e3%81%84%e3%81%be%e3%81%99-gozaimasu-meaning/
hajimeru,始める（はじめる）,Learn Japanese grammar: 【はじめる】 (hajimeru). Meaning: to start; to begin to ~. This is used to express when something is starting or has just begun....,"<table class=""table table-bordered table-sm usage""><tbody><tr><td>Verb <s>ます</s> (stem form)</td><td>はじめる<br/>はじめた<br/>はじめている</td></tr></tbody></table>",Example #1食べ始める。hintromajiEnglishたべはじめる。tabe hajimeru.To begin eating.,Example #2雨が降り始めた。hintromajiEnglishあめがふりはじめた。ame ga furi hajimeta.It started to rain.,https://jlptsensei.com/learn-japanese-grammar/%e5%a7%8b%e3%82%81%e3%82%8b-hajimeru-%e5%a7%8b%e3%82%81%e3%81%9f-meaning/
hazu da,はずだ,"Learn Japanese grammar: (hazu da). Meaning: it must be; it should be (expectation). To say the opposite, “it cannot be…”, use .","<table class=""table table-bordered table-sm usage""><tbody><tr><td>Verb (dictionary form)</td><td rowspan=""4"">はずだ</td></tr><tr><td>Noun + の</td></tr><tr><td>な-adjective + な</td></tr><tr><td>い-adjective</td></tr></tbody></table>",Example #1あなたなら分かるはずだ。hintromajiEnglishあなたならわかるはずだ。anata nara wakaru hazu da.You should know this.,Example #2彼は今学校にいるはずだ。hintromajiEnglishかれはいまがっこうにいるはずだ。kare wa ima gakkou ni iru hazu da.He should be in school right now.,https://jlptsensei.com/learn-japanese-grammar/%e3%81%af%e3%81%9a%e3%81%a0-hazu-da-meaning/
hazu ga nai,はずがない,Learn Japanese grammar: (hazu ga nai). Meaning: cannot be (impossible). This is used to strongly emphasize that something cannot be or is impossible. To say...,"<table class=""table table-bordered table-sm usage""><tbody><tr><td>Verb (dictionary form)</td><td rowspan=""4"">はずがない<br/>はずがありません</td></tr><tr><td>Noun + の</td></tr><tr><td>な-adjective + な</td></tr><tr><td>い-adjective</td></tr></tbody></table>",Example #1そんなはずがない。hintromajiEnglishそんなはずがない。sonna hazu ga nai.That can't be true.,Example #2彼女の話は本当のはずがない。hintromajiEnglishかのじょのはなしはほんとうのはずがない。kanojo no hanashi wa hontou no hazu ga nai.Her story can't be true.,https://jlptsensei.com/learn-japanese-grammar/%e3%81%af%e3%81%9a%e3%81%8c%e3%81%aa%e3%81%84-hazu-ga-nai-meaning/
hitsuyou ga aru,必要がある（ひつようがある）,Meaning: need to; it is necessary to. Learn Japanese Grammar 日本語文法 - JLPT N4 - 必要がある (hitsuyou ga aru). Study how to use with examples & vocabulary list,"<table class=""table table-bordered table-sm usage""><tbody><tr><td>Verb (dictionary form)</td><td>必要がある<br/>必要がない</td></tr></tbody></table>",Example #1彼らは休む必要がある。hintromajiEnglishかれらはやすむひつようがある。karera wa yasumu hitsuyou ga aru.They need to rest.,Example #2もっと勉強する必要がある。hintromajiEnglishもっとべんきょうするひつようがある。motto benkyou suru hitsuyou ga aru.I need to study more.,https://jlptsensei.com/learn-japanese-grammar/%e5%bf%85%e8%a6%81%e3%81%8c%e3%81%82%e3%82%8b-hitsuyou-ga-aru-meaning/
ikou kei - volitional form,意向形 （いこうけい）,Learn Japanese grammar: 【いこうけい】(ikou kei). Meaning: volitional form​; let’s do ~. This grammar turns verbs from statements into suggestions. How to create volitional form: A)...,"<table class=""table table-bordered table-sm usage""><tbody><tr><td>see conjugation rules below...</td></tr></tbody></table>",Example #1今日から自転車で出勤しよう。hintromajiEnglishきょうからじてんしゃでしゅっきんしよう。kyou kara jitensha de shukkin shiyou.Let's start commuting by bicycle from today!,"Example #2もう11時だ。早く寝よう。hintromajiEnglishもう11じだ。はやくねよう。mou 11 ji da. hayaku neyou.It's already 11pm, let's hurry and go to sleep.",https://jlptsensei.com/learn-japanese-grammar/%e6%84%8f%e5%90%91%e5%bd%a2-ikou-kei-volitional-form-meaning/
irassharu,いらっしゃる,"Learn Japanese grammar: (irassharu). Meaning: to be; to come; to go. This is the more polite version of いる, 来る, 行く, and can take on...","<table class=""table table-bordered table-sm usage""><tbody><tr><td>いる (changes to)<br/>来る (changes to)<br/>行く (changes to)</td><td>いらっしゃる</td></tr><tr><td>Verb (て form)</td><td>+ いらっしゃる</td></tr></tbody></table>",Example #1質問のある方はいらっしゃいませんか。hintromajiEnglishしつもんのあるかたはいらっしゃいませんか。shitsumon no aru kata wa irasshaimasen ka.Does anyone have any questions?,Example #2校長先生は図書館にいらっしゃいます。hintromajiEnglishこうちょうせんせいはとしょかんにいらっしゃいます。kouchou sensei wa toshokan ni irasshaimasu.The headmaster is in the library.,https://jlptsensei.com/learn-japanese-grammar/%e3%81%84%e3%82%89%e3%81%a3%e3%81%97%e3%82%83%e3%82%8b-irassharu-meaning/
itashimasu,いたします,to do (polite form of する),<em>(no usage table)</em>,,,https://jlptsensei.com/learn-japanese-grammar/%e3%81%84%e3%81%9f%e3%81%97%e3%81%be%e3%81%99-itashimasu-meaning/
janai ka,じゃないか,Learn Japanese grammar: (janai ka). Meaning: right? isn’t it? let’s~; confirmation. This is interchangeable with .,"<table class=""table table-bordered table-sm usage""><tbody><tr><td>phrase</td><td>じゃないか</td></tr></tbody></table>","Example #1行こうじゃないか。hintromajiEnglishいこうじゃないか。ikou janai ka.Let's go, shall we?",Example #2ダメじゃないか。hintromajiEnglishだめじゃないか。dame janai ka.You should know that's no good / you can't do that.,https://jlptsensei.com/learn-japanese-grammar/%e3%81%98%e3%82%83%e3%81%aa%e3%81%84%e3%81%8b-janai-ka-meaning/
ka dou ka,かどうか,Learn Japanese grammar: (ka dou ka). Meaning: whether or not ~.,"<table class=""table table-bordered table-sm usage""><tbody><tr><td>Verb (casual form)</td><td rowspan=""4"">かどうか</td></tr><tr><td>Noun</td></tr><tr><td>な-adjective</td></tr><tr><td>い-adjective</td></tr></tbody></table>",Example #1明日晴れるかどうか知らない。hintromajiEnglishあしたはれるかどうかしらない。ashita hareru ka dou ka shiranai.I don't know if the weather will be clear or not tomorrow.,Example #2それが正しいかどうかわからない。hintromajiEnglishそれがただしいかどうかわからない。sore ga tadashii ka dou ka wakaranai.I'm not sure if that is correct or not.,https://jlptsensei.com/learn-japanese-grammar/%e3%81%8b%e3%81%a9%e3%81%86%e3%81%8b-ka-dou-ka-meaning/
ka shira,かしら,Learn Japanese grammar: (ka shira). Meaning: I wonder (feminine).,"<table class=""table table-bordered table-sm usage""><tbody><tr><td>phrase</td><td>かしら</td></tr></tbody></table>",Example #1本当かしら。hintromajiEnglishほんとうかしらhontou ka shira.I wonder if that's true.,Example #2どこへ行ったかしら。hintromajiEnglishどこへいったかしら。doko e itta ka shira.I wonder where they could have gone?,https://jlptsensei.com/learn-japanese-grammar/%e3%81%8b%e3%81%97%e3%82%89-ka-shira-meaning/
kai,かい,Learn Japanese grammar: (kai). Meaning: turns a sentence into a yes/no question. This is more casual Japanese and is most often used with children or...,"<table class=""table table-bordered table-sm usage""><tbody><tr><td>Sentence</td><td>かい</td></tr></tbody></table>",Example #1歩けるかい？hintromajiEnglishあるけるかい？arukeru kai?Can you walk?,Example #2コーヒーいるかい？hintromajiEnglishコーヒーいるかい？koohii iru kai?Do you want a coffee?,https://jlptsensei.com/learn-japanese-grammar/%e3%81%8b%e3%81%84-kai-meaning/
kamo shirenai,かもしれない,"Learn Japanese grammar: (kamo shirenai). Meaning: might; perhaps; indicates possibility. To be more polite, use (kamo shiremasen). To be more casual, you can just use...","<table class=""table table-bordered table-sm usage""><tbody><tr><td>Verb (casual form)</td><td rowspan=""4"">かも<br/>かもしれない<br/>かもしれません</td></tr><tr><td>Noun</td></tr><tr><td>な-adjective</td></tr><tr><td>い-adjective</td></tr></tbody></table>",Example #1難しいかも。hintromajiEnglishむずかしいかも。muzukashii kamo.This might be a bit difficult.,Example #2そうかもしれない。hintromajiEnglishそうかもしれない。sou kamo shirenai.That may be the case.,https://jlptsensei.com/learn-japanese-grammar/%e3%81%8b%e3%82%82%e3%81%97%e3%82%8c%e3%81%aa%e3%81%84-kamo-shirenai-meaning/
kana,かな,"Learn Japanese grammar: (kana). Meaning: I wonder; should I? (kana) basically means “I wonder”, and is mostly used to: There are also many other subtle...","<table class=""table table-bordered table-sm usage""><tbody><tr><td>Verb (casual form)</td><td rowspan=""4"">かな</td></tr><tr><td>Noun</td></tr><tr><td>な-adjective</td></tr><tr><td>い-adjective</td></tr></tbody></table>",Example #1彼女は元気かな。hintromajiEnglishかのじょはげんきかな。kanojo wa genki kana.I wonder if she's doing well.,Example #2雨が降るかな。hintromajiEnglishあめがふるかな。ame ga furu kana.I wonder if it's going to rain.,https://jlptsensei.com/learn-japanese-grammar/%e3%81%8b%e3%81%aa-kana-meaning/
kara tsukuru,から作る（からつくる）,Learn Japanese grammar: 【からつくる】(kara tsukuru). Meaning: made from; made with. 作る (tsukuru) can be proceeded with either から or で. 作る is also often changed...,"<table class=""table table-bordered table-sm usage""><tbody><tr><td>Noun + から</td><td rowspan=""2"">作る<br/>作られる (passive form)<br/>作られている</td></tr><tr><td>Noun + で</td></tr></tbody></table>",Example #1ワインはブドウから作る。hintromajiEnglishワインはブドウからつくる。wain wa budou kara tsukuru.Wine is made from grapes.,Example #2紙は木から作られる。hintromajiEnglishかみはきからつくられる。kami wa ki kara tsukurareru.Paper is made from wood.,https://jlptsensei.com/learn-japanese-grammar/%e3%81%8b%e3%82%89%e4%bd%9c%e3%82%8b-%e4%bd%9c%e3%82%89%e3%82%8c%e3%81%a6%e3%81%84%e3%82%8b-kara-tsukuru-meaning/
kitto,きっと,Learn Japanese grammar: (kitto). Meaning: surely; undoubtedly; almost certainly; most likely.,"<table class=""table table-bordered table-sm usage""><tbody><tr><td>きっと</td><td>event<br/>action</td></tr></tbody></table>",Example #1明日はきっと雨でしょう。hintromajiEnglishあしたはきっとあめでしょう。ashita wa kitto ame deshou.It will likely rain tomorrow.,Example #2彼女はきっと来るよ。hintromajiEnglishかのじょはきっとくるよ。kanojo wa kitto kuru yo.I am certain she will come.,https://jlptsensei.com/learn-japanese-grammar/%e3%81%8d%e3%81%a3%e3%81%a8-kitto-meaning/
koro / goro,頃（ころ / ごろ）,Learn Japanese grammar: 【 ころ / ごろ 】 (koro / goro). Meaning: around; about; when. Both the kanji version and hiragana versions are frequently used.,"<table class=""table table-bordered table-sm usage""><tbody><tr><td>Noun (time)</td><td>ごろ (around; about)</td></tr><tr><td>Verb (casual)</td><td rowspan=""3"">ころ (when)</td></tr><tr><td>Noun + の</td></tr><tr><td>Adjective</td></tr></tbody></table>","Example #1夜の8時ごろ、うちに来てもらえるか？hintromajiEnglishよるのはちじごろ、うちにきてもらえるか？yoru no hachiji goro, uchi ni kite moraeru ka？Can you come by my place around eight p.m.?",Example #2私はこのころとても忙しいのです。hintromajiEnglishわたしはこのころとてもいそがしいのです。watashi wa kono koro totemo isogashii no desu.I am very busy these days.,https://jlptsensei.com/learn-japanese-grammar/%e9%a0%83-%e3%81%93%e3%82%8d-%e3%81%94%e3%82%8d-meaning/
koto,こと,Learn Japanese grammar: (koto). Meaning: verb nominalizer. It allows you to use verbs as nouns. Here are some basic examples. Meaning Plain Form Verb (acting...,"<table class=""table table-bordered table-sm usage""><tbody><tr><td>Verb (casual, non-past)</td><td>こと</td></tr></tbody></table>",Example #1本を読むことが好きです。hintromajiEnglishほんをよむことがすきです。hon o yomu koto ga suki desu.I like to read books.,Example #2私は料理を作ることが下手です。hintromajiEnglishわたしはりょうりをつくることがへたです。watashi wa ryouri o tsukuru koto ga heta desu.I am bad at cooking food.,https://jlptsensei.com/learn-japanese-grammar/%e3%81%93%e3%81%a8-koto-meaning/
koto ga aru,ことがある,Learn Japanese grammar: (koto ga aru). Meaning: there are times when ~; sometimes do. (koto ga aru) is used to say: there are times when...,"<table class=""table table-bordered table-sm usage""><tbody><tr><td>Verb (casual, non-past)</td><td>ことがある<br/>こともある<br/>ことがあります<br/>こともあります</td></tr></tbody></table>",Example #1たまに彼女と一緒にテニスをしに行くことがある。hintromajiEnglishたまにかのじょといっしょにテニスをしにいくことがる。tamani kanojo to isshoni tenisu o shini iku koto ga aru.Sometimes I go to play tennis with my girlfriend.,Example #2たまに自転車で通勤することがある。hintromajiEnglishたまにじてんしゃでつうきんすることがある。tamani jitensha de tsuukin suru koto ga aru.Sometimes I commute to work by bicycle.,https://jlptsensei.com/learn-japanese-grammar/%e3%81%93%e3%81%a8%e3%81%8c%e3%81%82%e3%82%8b-koto-ga-aru-meaning/
koto ga dekiru,ことができる,Learn Japanese grammar: (koto ga dekiru). Meaning: can; able to; not able to. (koto ga dekiru) is used to say something can be done or...,"<table class=""table table-bordered table-sm usage""><tbody><tr><td>Verb (dictionary form)</td><td>ことができる<br/>ことができない<br/>ことができます<br/>ことができません</td></tr></tbody></table>",Example #1私は日本語を話すことができる。hintromajiEnglishわたしはにほんごをはなすことができる。watashi wa nihongo o hanasu koto ga dekiru.I can speak Japanese.,Example #2彼女は歌うことができる。hintromajiEnglishかのじょはうたうことができる。kanojo wa utau koto ga dekiru.She can sing.,https://jlptsensei.com/learn-japanese-grammar/%e3%81%93%e3%81%a8%e3%81%8c%e3%81%a7%e3%81%8d%e3%82%8b-koto-ga-dekiru-%e3%81%93%e3%81%a8%e3%81%8c%e3%81%a7%e3%81%8d%e3%81%be%e3%81%99%e3%81%8b-meaning/
koto ni naru,ことになる,Learn Japanese grammar: (koto ni naru). Meaning: It has been decided that..; it turns out that.. (koto ni naru) is used used to express something...,"<table class=""table table-bordered table-sm usage""><tbody><tr><td>Verb (dictionary form)<br/>Verb (ない form)</td><td>ことになる</td></tr><tr></tr></tbody></table>",Example #1入学式は4月1日に行うことになりました。hintromajiEnglishにゅうがくしきは４がつ１にちにおこなうことになりました。nyuugakushiki wa shigatsu tsuitachi ni okonau koto ni narimashita.The entrance ceremony will be held on April 1st.,Example #2私の母が入院することになった。hintromajiEnglishわたしのははがにゅういんすることになった。watashi no haha ga nyuuin suru koto ni natta.My mother has been hospitalized.,https://jlptsensei.com/learn-japanese-grammar/%e3%81%93%e3%81%a8%e3%81%ab%e3%81%aa%e3%82%8b-koto-ni-naru-meaning/
koto ni suru,ことにする,Learn Japanese grammar: (koto ni suru) / (koto ni shimasu). Meaning: to decide on. This is used to express what one has decided on of...,"<table class=""table table-bordered table-sm usage""><tbody><tr><td>Verb (dictionary form)<br/>Verb )ない form)</td><td>ことにする<br/>ことにします<br/>ことにしている<br/>ことにしています</td></tr><tr></tr></tbody></table>",Example #1これから毎日ランニングをすることにする。hintromajiEnglishこれからまいにちランニングをすることにする。kore kara mainichi ranningu o suru koto ni suru.I've decided to go running every day from now on.,Example #2タバコをやめることにした。hintromajiEnglishタバコをやめることにした。tabako o yameru koto ni shita.I've decided to quit smoking.,https://jlptsensei.com/learn-japanese-grammar/%e3%81%93%e3%81%a8%e3%81%ab%e3%81%99%e3%82%8b-koto-ni-suru-meaning/
ku suru,くする,Learn Japanese grammar: (ku suru). Meaning: to make something ~. Use with い-adjective This pattern is used after an and makes something whatever the adjective...,"<table class=""table table-bordered table-sm usage""><tbody><tr><td>い-adjective <s>い</s></td><td>くする<br/>くします<br/>くして</td></tr></tbody></table>",Example #1音楽でもっと良くする。hintromajiEnglishおんがくでもっとよくする。ongaku de motto yoku suru.Make it better with music.,"Example #2あと５００円安くしてくれたら、買いますよ。hintromajiEnglishあと５００えんやすくしてくれたら、かいますよ。ato go hyaku en yasuku shite kure tara, kaimasu yo.I'll buy it if you make it 500 yen cheaper.",https://jlptsensei.com/learn-japanese-grammar/%e3%81%84-adjective-%e3%81%8f%e3%81%99%e3%82%8b-ku-suru-meaning/
kyuu ni,急に（きゅうに）,Learn Japanese grammar: (kyuu ni). Meaning: quickly; immediately; hastily; suddenly; abruptly; unexpectedly ~.,"<table class=""table table-bordered table-sm usage""><tbody><tr><td>急に</td><td>Phrase</td></tr></tbody></table>",Example #1急に雨が降り始めました。hintromajiEnglishきゅうにあめがふりはじめました。kyuu ni ame ga furi hajimemashita.It suddenly started raining.,Example #2雨は急にやんだ。hintromajiEnglishあめはきゅうにやんだ。ame wa kyuu ni yanda.The rain suddenly stopped.,https://jlptsensei.com/learn-japanese-grammar/%e6%80%a5%e3%81%ab-kyuu-ni-meaning/
made ni,までに,"Learn Japanese grammar: (made ni). Meaning: by; by the time; indicates time limit. This is based off of the N5 grammar , which means until...","<table class=""table table-bordered table-sm usage""><tbody><tr><td>Verb (dictionary form)</td><td rowspan=""2"">までに</td></tr><tr><td>Noun</td></tr></tbody></table>",Example #18時までに来てください。hintromajiEnglish８じまでにきてください。8 ji made ni kite kudasai.Please come by no later than 8AM.,"Example #2この本、来週までに返してくださいね。hintromajiEnglishこのほん、らいしゅうまでにかいしてくださいね。kono hon, raishuu made ni kaishite kudasai ne.Please return this book by next week.",https://jlptsensei.com/learn-japanese-grammar/%e3%81%be%e3%81%a7%e3%81%ab-made-ni-meaning/
mama,まま,"Learn Japanese grammar: (mama). Meaning: as it is; current state; without changing. This is used to express something as it is, or to express a...","<table class=""table table-bordered table-sm usage""><tbody><tr><td>Noun + の</td><td rowspan=""5"">まま</td></tr><tr><td>Verb (た form)</td></tr><tr><td>Verb (ない form)</td></tr><tr><td>な-adjective + な</td></tr><tr><td>い-adjective</td></tr></tbody></table>",Example #1この町は昔のまま変わっていない。hintromajiEnglishこのまちはむかしのままかわっていない。kono machi mukashi no mama kawatteinai.This town hasn't changed at all.,"Example #2この野菜は、生のままで食べてもおいしいですよ。hintromajiEnglishこのやさいは、なまのままでたべてもおいしいですよ。kono yasai wa, nama no mama de tabetemo oishii desu yo.These vegetables taste good even raw.",https://jlptsensei.com/learn-japanese-grammar/%e3%81%be%e3%81%be-mama-meaning/
matawa,または,"Learn Japanese grammar: 又は 【】(matawa). Meaning: both; or; otherwise​; choice between [A] or [B]. The kanji version is used in more advanced Japanese 又は, and...","<table class=""table table-bordered table-sm usage""><tbody><tr><td>Noun-1</td><td>又は<br/>または</td><td>Noun-2</td></tr></tbody></table>",Example #1コーヒーまたはお茶からお選びください。hintromajiEnglishコーヒーまたはおちゃからおえらびください。koohii matawa ocha kara o erabi kudasai.Please choose from either coffee or tea.,Example #2日本語または英語で話せます。hintromajiEnglishにほんごまたはえいごではなせます。nihongo matawa eigo de hanasemasu.I can speak both Japanese and English.,https://jlptsensei.com/learn-japanese-grammar/%e3%81%be%e3%81%9f%e3%81%af-matawa-meaning/
mitai da,みたいだ,Learn Japanese grammar: (mitai da). Meaning: like; similar to; resembling ~. Also see lessons for and .,"<table class=""table table-bordered table-sm usage""><tbody><tr><td>Verb (casual)</td><td rowspan=""4"">みたい（だ）</td></tr><tr><td>Noun + （だった）</td></tr><tr><td>な-adjective + （だった）</td></tr><tr><td>い-adjective</td></tr></tbody></table>",Example #1夢みたいだ。hintromajiEnglishゆめみたいだ。yume mitai da.It's like a dream come true.,"Example #2外は、夏みたいだよ。hintromajiEnglishそとは、なつみたいだよ。soto wa, natsu mitai da yo.It's like summer outside.",https://jlptsensei.com/learn-japanese-grammar/%e3%81%bf%e3%81%9f%e3%81%84%e3%81%a0-mitai-da-meaning/
mitai na,みたいな,"Learn Japanese grammar: (mitai na). Meaning: like, similar to ~. When used after a verb, it means just like doing something. * This form must...","<table class=""table table-bordered table-sm usage""><tbody><tr><td>Noun</td><td rowspan=""2"">みたいな + Noun</td></tr><tr><td>Verb (casual form)</td></tr></tbody></table>","Example #1私は、今日みたいな日が好きだ。hintromajiEnglishわたしは、きょうみたいなひがすきだ。watashi wa, kyou mitai na hi ga suki da.I like days like today.",Example #2私たちは家族みたいなものだ。hintromajiEnglishわたしたちはかぞくみたいなものだ。watashi tachi wa kazoku mitai na mono da.We are like family.,https://jlptsensei.com/learn-japanese-grammar/%e3%81%bf%e3%81%9f%e3%81%84%e3%81%aa-mitai-na-meaning/
mitai ni,みたいに,Learn Japanese grammar: (mitai ni). Meaning: like; similar to ~. This is the adverbial form and must be followed by either a verb or adjective....,"<table class=""table table-bordered table-sm usage""><tbody><tr><td>Verb (casual)</td><td rowspan=""2"">みたいに + Verb / Adjective</td></tr><tr><td>Noun</td></tr></tbody></table>",Example #1子どもみたいに遊んだ。hintromajiEnglishこどもみたいにあそんだ。kodomo mitai ni asonda.I played like a kid.,Example #2私はお母さんみたいになりたい。hintromajiEnglishわたしはおかあさんみたいになりたい。watashi wa okaasan mitai ni naritai.I want to become like my mother.,https://jlptsensei.com/learn-japanese-grammar/%e3%81%bf%e3%81%9f%e3%81%84%e3%81%ab-mitai-ni-meaning/
mo,も,as many as; as much as; up to; nearly ~,<em>(no usage table)</em>,,,https://jlptsensei.com/learn-japanese-grammar/%e3%82%82-mo-meaning-as-many-as/
na,な,Learn Japanese grammar: (na). Meaning: don’t ~ (order somebody to not do something).,"<table class=""table table-bordered table-sm usage""><tbody><tr><td>Verb (dictionary form)</td><td>な</td></tr></tbody></table>",Example #1晩ごはんの前にデザートを食べるな。hintromajiEnglishばんごはんのまえにデザートをたべるな。bangohan no mae ni dezaato o taberu na.Don't eat dessert before dinner!,"Example #2ここは危ないから来るな！hintromajiEnglishここはあぶないからくるな！koko wa abunai kara kuru na!It's dangerous here, so stay away!",https://jlptsensei.com/learn-japanese-grammar/%e3%81%aa-na-meaning-order-dont-do/
nado,など,Learn Japanese grammar: (nado). Meaning: such as; things like ~.,"<table class=""table table-bordered table-sm usage""><tbody><tr><td>Noun</td><td>など</td></tr></tbody></table>","Example #1私は小説や映画などが好きです。hintromajiEnglishわたしはしょうせつやえいがなどがすきです。watashi wa shousetsu ya eiga nado ga suki desu.I like things like novels, movies, and so on.","Example #2私はノート、ペンなどが必要だ。hintromajiEnglishわたしはノート、ペンなどがひつようだ。watashi wa nooto, pen nado ga hitsuyou da.I need pens, notebooks and so on.",https://jlptsensei.com/learn-japanese-grammar/%e3%81%aa%e3%81%a9-nado-meaning/
nagara,ながら,Learn Japanese grammar: (nagara). Meaning: while; during; as; to do two things simultaneously. (nagara) is used to show simultaneous actions. [A]ながら[B] (to do B while...,"<table class=""table table-bordered table-sm usage""><tbody><tr><td>Verb <s>ます</s> (stem form)</td><td>ながら + [B]</td></tr></tbody></table>",Example #1話を聞きながらメモします。hintromajiEnglishはなしをききながらメモします。hanashi o kikinagara memo shimasu.I took notes while listening to the story.,Example #2歩きながら話しましょう。hintromajiEnglishあるくときにはなそうaruki nagara hanashimashou.Let's talk while walking.,https://jlptsensei.com/learn-japanese-grammar/%e3%81%aa%e3%81%8c%e3%82%89-nagara-meaning/
nakanaka~nai,なかなか～ない,not easy to; struggling to; not able to ~,<em>(no usage table)</em>,,,https://jlptsensei.com/learn-japanese-grammar/%e3%81%aa%e3%81%8b%e3%81%aa%e3%81%8b%ef%bd%9e%e3%81%aa%e3%81%84-nakanaka-nai-meaning/
nakereba ikenai,なければいけない,"Learn Japanese grammar: (nakereba ikenai). Meaning: must do something; have to do something. To be more formal, use (nakereba ikemasen). It is used very similarly...","<table class=""table table-bordered table-sm usage""><tbody><tr><td>Verb (ない form) な<s>い</s></td><td>ければいけない<br/>ければいけません</td></tr></tbody></table>",Example #1早く寝なければいけない。hintromajiEnglishはやくねなければいけない。hayaku nenakereba ikenai.I have to go to sleep early.,Example #2私も頑張らなければいけない。hintromajiEnglishわたしもがんばらなければいけない。watashi mo ganbaranakereba ikenai.I have to do my best too.,https://jlptsensei.com/learn-japanese-grammar/%e3%81%aa%e3%81%91%e3%82%8c%e3%81%b0%e3%81%84%e3%81%91%e3%81%aa%e3%81%84-nakereba-ikenai-meaning/
nakereba naranai,なければならない,Learn Japanese grammar: (nakereba naranai). Meaning: must do something; have to do something. It is used very similarly to some other lessons like: ; ;...,"<table class=""table table-bordered table-sm usage""><tbody><tr><td>Verb (ない form) な<s>い</s></td><td>ければならない<br/>ければなりません</td></tr></tbody></table>",Example #1薬を飲まなければなりません。hintromajiEnglishくすりをのまなければなりません。kusuri o noma nakereba narimasen.I/you need to take my/your medicine.,Example #2宿題をしなければならない。hintromajiEnglishしゅくだいをしなければならない。shukudai o shi nakereba naranai.I/you need to do my/your homework.,https://jlptsensei.com/learn-japanese-grammar/%e3%81%aa%e3%81%91%e3%82%8c%e3%81%b0%e3%81%aa%e3%82%89%e3%81%aa%e3%81%84-nakereba-naranai-meaning/
nara,なら,Learn Japanese grammar: (nara). Meaning: if; in the case that ~. It can be also be used to show trust in the target (see examples...,"<table class=""table table-bordered table-sm usage""><tbody><tr><td>Verb (casual form) + (の)</td><td rowspan=""4"">なら</td></tr><tr><td>Noun</td></tr><tr><td>な-adjective + (の)</td></tr><tr><td>い-adjective + (の)</td></tr></tbody></table>",Example #1もし違うなら。hintromajiEnglishもしちがうなら。moshi chigau nara.What if you're wrong?,"Example #2それなら問題ありません。hintromajiEnglishそれならもんだいありません。sore nara mondai arimasen.If that's the case, then there are no problems.",https://jlptsensei.com/learn-japanese-grammar/%e3%81%aa%e3%82%89-nara-meaning/
nasai,なさい,"Learn Japanese grammar: (nasai). Meaning: do this (soft/firm command). It is a soft, but firm way of issuing a command, which is often used in...","<table class=""table table-bordered table-sm usage""><tbody><tr><td>Verb <s>ます</s> (stem form)</td><td>なさい<br/>な (conversation)</td></tr></tbody></table>","Example #1まず、質問に答えなさい。hintromajiEnglishまず、しつもんにこたえなさい。mazu, shitsumon ni kotaenasai.First, answer my question.","Example #2明日、学校に行くから、早く寝なさい！hintromajiEnglishあした、がっこうにいくから、はやくねなさい！ashita, gakkou ni iku kara, hayaku ne nasai!You've got school tomorrow so hurry up and go to bed.",https://jlptsensei.com/learn-japanese-grammar/%e3%81%aa%e3%81%95%e3%81%84-nasai-meaning/
nasaru,なさる,Learn Japanese grammar: (nasaru) / (nasaimasu). Meaning: to do (honorific). This is a more formal version of する (suru).,"<table class=""table table-bordered table-sm usage""><tbody><tr><td>する (changes to)</td><td>なさる</td></tr><tr><td>します (changes to)</td><td>なさいます</td></tr><tr><td>して (changes to)</td><td>なさって</td></tr></tbody></table>",Example #1それからどうなさいました？hintromajiEnglishそれからどうなさいました？sore kara dou nasai mashita?What happened after that?,Example #2お飲み物は何になさいますか？hintromajiEnglishおのみものはなにになさいますか？onomimono wa nani ni nasaimasu ka.What would you like to drink?,https://jlptsensei.com/learn-japanese-grammar/%e3%81%aa%e3%81%95%e3%82%8b-nasaru-%e3%81%aa%e3%81%95%e3%81%84%e3%81%be%e3%81%99-meaning/
ni ki ga tsuku,に気がつく（にきがつく）,Learn Japanese grammar: 【にきがつく】(ni ki ga tsuku). Meaning: to notice; to realize. This is often used in past form: 【にきがついた】(ni ki ga tsuita).,"<table class=""table table-bordered table-sm usage""><tbody><tr><td>Verb (casual) + こと</td><td rowspan=""2"">に気がつく<br/>に気がついた</td></tr><tr><td>Noun</td></tr></tbody></table>",Example #1彼女は電車の中にカサを忘れたことに気がついた。hintromajiEnglishかのじょはでんしゃのなかにかさをわすれたことに気がついた。kanojo wa densha no naka ni kasa o wasureta koto ni ki ga tsuita.She realized she had left her umbrella inside the train.,"Example #2私はタクシーを降りる時、財布がないことに気がついた。hintromajiEnglishわたしはタクシーをおりるとき、さいふがないことにきがついた。watashi wa takushii o oriru toki, saifu ga nai koto ni ki ga tsuita.When I got out of the taxi, I realized I didn't have my wallet.",https://jlptsensei.com/learn-japanese-grammar/%e3%81%ab%e6%b0%97%e3%81%8c%e3%81%a4%e3%81%8f-ni-ki-ga-tsuku-meaning/
ni mieru,に見える（にみえる）,to look; to seem; to appear,<em>(no usage table)</em>,,,https://jlptsensei.com/learn-japanese-grammar/%e3%81%ab%e3%81%bf%e3%81%88%e3%82%8b-%e3%81%ab%e8%a6%8b%e3%81%88%e3%82%8b-ni-mieru-meaning/
ni suru,にする,Learn Japanese grammar: (ni suru). Meaning: to make something ~. This pattern is used after a and makes something whatever the adjective describes. After the...,"<table class=""table table-bordered table-sm usage""><tbody><tr><td>な-adjective <s>な</s></td><td>にする<br/>にします<br/>にして<br/>にした</td></tr></tbody></table>","Example #1もう少し、静かにしてください。hintromajiEnglishもうすこし、しずかにしてください。mou sukoshi, shizukani shite kudasai.Please be a bit more quiet.",Example #2この写真を大切にする。hintromajiEnglishこのしゃしんをたいせつにする。kono shashin o taisetsu ni suru.I will treasure this picture.,https://jlptsensei.com/learn-japanese-grammar/%e3%81%aa-adjective-%e3%81%ab%e3%81%99%e3%82%8b-ni-suru-meaning/
nikui,にくい,Learn Japanese grammar: (nikui). Meaning: difficult to do ~. Difficult To… This is used to say that it is difficult to do something. Add にくい...,"<table class=""table table-bordered table-sm usage""><tbody><tr><td>Verb <s>ます</s> (stem form)</td><td>にくい</td></tr></tbody></table>",Example #1この質問には答えにくいです。hintromajiEnglishこのしつもんにはこたえにくいです。kono shitsumon niwa kotaenikui desu.This question is difficult to answer.,"Example #2この本は字が小さくて読みにくいです。hintromajiEnglishこのほんはじがちいさくてよみにくいです。kono hon wa ji ga chiisakute yomi nikui desu.This books print is too small, it's difficult to read.",https://jlptsensei.com/learn-japanese-grammar/%e3%81%ab%e3%81%8f%e3%81%84-nikui-meaning/
no naka de,の中で（のなかで）,Learn Japanese grammar: 【のなかで】(no naka de). Meaning: in; among ~.,"<table class=""table table-bordered table-sm usage""><tbody><tr><td>Noun</td><td>の中で</td></tr></tbody></table>",Example #1心の中ではこれを分かっていた。hintromajiEnglishこころのなかではこれをわかっていた。kokoro no naka de kore o wakatteita.I know this in my heart.,"Example #2病院の中で、待ちますか。hintromajiEnglishびょういんのなかで、まちますか？byouin no naka de, machimasu ka?Will you wait inside the hospital?",https://jlptsensei.com/learn-japanese-grammar/%e3%81%ae%e4%b8%ad%e3%81%a7-no-naka-de-meaning/
noni,のに,"Learn Japanese grammar: (noni) / (nanoni). Meaning: although, in spite of, even though ~. Be careful to not confuse this with the other grammar use...","<table class=""table table-bordered table-sm usage""><tbody><tr><td>Verb (casual form)</td><td rowspan=""4"">のに</td></tr><tr><td>Noun + な</td></tr><tr><td>な-adjective + な</td></tr><tr><td>い-adjective</td></tr></tbody></table>","Example #1まだ20時なのに、とても眠い。hintromajiEnglishまだ20じなのに、とてもねむい。mada 20 ji nano ni, totemo nemui.I'm really tired even though it's still only 8PM.","Example #2なぜ、彼らは冬なのに泳ぐのでしょうか？hintromajiEnglishなぜ、かれらはふゆなのにおよぐのでしょうか？naze, karera wa fuyu na noni oyogu no deshou ka.Why will they swim even though it's winter?",https://jlptsensei.com/learn-japanese-grammar/%e3%81%ae%e3%81%ab-noni-meaning-even-though/
noni,のに,"Learn Japanese grammar: (noni). Meaning: to (do something); in order to ~. Be careful to not confuse this with the other meaning of , which...","<table class=""table table-bordered table-sm usage""><tbody><tr><td>Verb (dictionary form)</td><td>のに</td></tr></tbody></table>",Example #1始めるのに遅すぎることはない。hintromajiEnglishはじめるのにおそすぎることはない。hajimeru no ni ososugiru koto wa nai.It's never too late to start.,Example #2家に帰るのに3時間かかりました。hintromajiEnglishいえにかえるのに３じかんかかりました。ie ni kaeru noni sanjikan kakarimashita.It took 3 hours to return home.,https://jlptsensei.com/learn-japanese-grammar/%e3%81%ae%e3%81%ab-noni-meaning-to-do/
nowa~da,のは〜だ,Learn Japanese grammar: (nowa~da). Meaning: [A] is [B]; the reason for [A] is [B]. This can be used to express 2 different meanings: The reason...,"<table class=""table table-bordered table-sm usage""><tbody><tr><td>Verb (casual)</td><td rowspan=""4"">のは</td><td rowspan=""4"">～だ<br/>～です</td></tr><tr><td>Noun + な</td></tr><tr><td>な-adjective + な</td></tr><tr><td>い-adjective</td></tr></tbody></table>","Example #1毎日、新しい単語を覚えるのは大変です。hintromajiEnglishまいにち、あたらしいたんごをおぼえるのはたいへんです。mainichi, atarashii tango o oboeru nowa taihen desu.It is difficult to memorize new vocabulary every day.",Example #2私たちは結婚を決めたのは子どもができたからです。hintromajiEnglishわたしたちはけっこんをきめたのはこどもができたからです。watashi tachi wa kekkon o kimeta nowa kodomo ga dekita kara desu.We decided to get married because we were going to have a baby.,https://jlptsensei.com/learn-japanese-grammar/%e3%81%ae%e3%81%af%e3%80%9c%e3%81%a0-nowa-da-meaning/
o~kudasai,お～ください,"Learn Japanese grammar: (o~kudasai). Meaning: please do ~ (honorific). お + Verb + ください お/ご + Noun + ください When used with a noun, it...","<table class=""table table-bordered table-sm usage""><tbody><tr><td>お + Verb <s>ます</s> (stem form)</td><td rowspan=""2"">ください</td></tr><tr><td>お/ご + Noun (action)</td></tr></tbody></table>",Example #1ここでお待ちください。hintromajiEnglishここでおまちください。koko de omachi kudasai.Please wait here.,Example #2ここにお名前をお書きください。hintromajiEnglishここにおなまえをおかきください。koko ni onamae o okaki kudasai.Please write your name here.,https://jlptsensei.com/learn-japanese-grammar/%e3%81%8a%ef%bd%9e%e3%81%8f%e3%81%a0%e3%81%95%e3%81%84-o-kudasai-meaning/
o~ni naru,お～になる,Learn Japanese grammar: (o~ni naru). Meaning: to do (honorific). Use with Verb たべます (tabemasu) “to eat”. changes by: お + たべますになる becomes: お食べになる (otabe in...,"<table class=""table table-bordered table-sm usage""><tbody><tr><td>お + Verb <s>ます</s> (stem form)</td><td rowspan=""2"">になる<br/>になります</td></tr><tr><td>お/ご + Noun</td></tr></tbody></table>",Example #1何をお飲みになりますか。hintromajiEnglishなにをおのみになりますか。nani o onomi ni narimasu ka.What would you like to have to drink?,Example #2お座りになりませんか。hintromajiEnglishおすわりになりませんか。osuwari ni narimasen ka?Do you want to sit down?,https://jlptsensei.com/learn-japanese-grammar/%e3%81%8a%ef%bd%9e%e3%81%ab%e3%81%aa%e3%82%8b-o-ni-naru-meaning/
oki ni,おきに,"Learn Japanese grammar: (oki ni). Meaning: repeated at intervals, every ~. This is used following a measurable noun (minutes, hours, days, weeks, months, distance, etc..).","<table class=""table table-bordered table-sm usage""><tbody><tr><td>Noun (measurable)</td><td>おきに</td></tr></tbody></table>",Example #1電車は5分おきに走っています。hintromajiEnglishでんしゃは5ふんおきにはしっています。densha wa 5 fun oki ni hashitteimasu.The trains run every five minutes.,Example #2このバスは15分おきに出ているhintromajiEnglishこのバスは15ふんおきにでている。kono basu wa 15 fun okini dete iru.This bus leaves every 15 minutes.,https://jlptsensei.com/learn-japanese-grammar/%e3%81%8a%e3%81%8d%e3%81%ab-oki-ni-meaning/
owaru,終わる（おわる）,"Learn Japanese grammar: (owaru). Meaning: to finish; to end~. This can be freely conjugated to use in current, future, and past tense. おわる to finish...","<table class=""table table-bordered table-sm usage""><tbody><tr><td>Verb <s>ます</s> (stem form)</td><td>終わる<br/>終わらない<br/>終わった<br/>etc..</td></tr></tbody></table>",Example #1みんなが朝食を食べ終わるまで待ちましょう。hintromajiEnglishみんながちょうしょくをたべおわるまでまちましょう。minnna ga choushoku o tabe owaru made machimashou.Let's wait until everyone has finished eating breakfast.,Example #2そのゲームをやり終わるまでに5時間くらいかかる。hintromajiEnglishそのゲームをやりおわるまでに５じかんくらいかかる。sono geemu o yari owaru made ni 5 jikan kurai kakaru.It takes about 5 hours to finish that game.,https://jlptsensei.com/learn-japanese-grammar/%e7%b5%82%e3%82%8f%e3%82%8b-%e3%81%8a%e3%82%8f%e3%82%8b-owaru-meaning/
rareru,られる,"Learn Japanese grammar: (rareru). Meaning: potential form; being able to do something. This is used to describe the ability or inability to do something. First,...","<table class=""table table-bordered table-sm usage""><tbody><tr><td>Ru-verb</td><td>る -&gt; られる</td></tr><tr><td>U-verb</td><td>change ""u"" to ""e"" + る</td></tr><tr><td>やる</td><td>やれる</td></tr><tr><td>する</td><td>できる</td></tr><tr><td>くる</td><td>こられる</td></tr></tbody></table>",Example #1そんなことを信じられない。hintromajiEnglishそんなことをしんじられない。sonnna koto o shinji rarenai.I am not able to believe such a story..,Example #2そこにあるいちごはすべて食べられる。hintromajiEnglishそこにあるいちごはすべてたべられる。soko ni aru ichigo wa subete taberareru.You can eat any of the strawberries in there.,https://jlptsensei.com/learn-japanese-grammar/%e3%82%89%e3%82%8c%e3%82%8b-rareru-japanese-potential-form/
rashii,らしい,Learn Japanese grammar: (rashii) / (rashiku nai). Meaning: it seems like; I heard; apparently ~ Standard Meaning is used to say: It seems like ~...,"<table class=""table table-bordered table-sm usage""><tbody><tr><td>Verb (casual form)</td><td rowspan=""4"">らしい<br/>らしく<br/>らしくない</td></tr><tr><td>Noun</td></tr><tr><td>な-adjective</td></tr><tr><td>い-adjective</td></tr></tbody></table>",Example #1雨らしい。hintromajiEnglishあめらしい。ame rashii.It looks like rain / looks like it's gonna rain.,Example #2男らしい。hintromajiEnglishおとこらしい。otoko rashii.Manly (like a man),https://jlptsensei.com/learn-japanese-grammar/%e3%82%89%e3%81%97%e3%81%84-rashii-meaning/
sa,さ,Learn Japanese grammar: (sa). Meaning: -ness​ ; nominalizer for adjectives. Adding さ after an adjective it turns it into a Noun. It is very similar...,"<table class=""table table-bordered table-sm usage""><tbody><tr><td>な-adjective</td><td rowspan=""2"">さ</td></tr><tr><td>い-adjective + <s>い</s></td></tr></tbody></table>",Example #1背の高さはどれぐらいですか？hintromajiEnglishせのたかさはどれぐらいですか？se no takasa wa dore gurai desu ka?How tall are you?,"Example #2私は、ワサビの辛さが大好きです。hintromajiEnglishわたしは、ワサビのからさがだいすきです。watashi wa, wasabi no karasa ga daisuki desu.I love the spiciness of wasabi.",https://jlptsensei.com/learn-japanese-grammar/%e3%81%95-sa-meaning/
sakki,さっき,Learn Japanese grammar: (sakki). Meaning: some time ago; just now; a very short time ago.,"<table class=""table table-bordered table-sm usage""><tbody><tr><td>さっき</td><td>Sentence</td></tr></tbody></table>","Example #1さっきまで天気がよかったですが、今は大雨です。hintromajiEnglishさきまでてんきがよかったですが、いまはおおあめです。sakki made tenki ga yokatta desu ga, ima wa ooame desu.The weather was fine just a moment ago, but now there's heavy rain..","Example #2さっき起きたばかりで、まだ眠いです。hintromajiEnglishさっきおきたばかりで、まだねむいです。sakki okita bakari de, mada nemui desu.I just woke up, but am still sleepy.",https://jlptsensei.com/learn-japanese-grammar/%e3%81%95%e3%81%a3%e3%81%8d-sakki-meaning/
saserareru,させられる,Learn Japanese grammar: (saserareru). Meaning: causative-passive form; to be made to do something. This is a combination of the Japanese “to make somebody do something”...,"<table class=""table table-bordered table-sm usage""><tbody><tr><td>Verb (causative form させ<s>る</s>)</td><td>られる</td></tr><tr><td>くる</td><td>こさせられる</td></tr><tr><td>やる</td><td>やらせられる</td></tr></tbody></table>",Example #1仕事を辞めさせられた。hintromajiEnglishしごとをやめさせられた。shigoto o yame saserareta.I was forced to quit my job.,Example #2息子は退学させられた。hintromajiEnglishむすこはたいがくさせられた。musuko wa taigaku saserareta.My son was expelled from school.,https://jlptsensei.com/learn-japanese-grammar/%e3%81%95%e3%81%9b%e3%82%89%e3%82%8c%e3%82%8b-saserareru-meaning-causative-passive-form/
saseru,させる,Learn Japanese grammar: (saseru). Meaning: causative form. This can mean either: to make somebody do something. to let somebody do something. Causative verbs are called...,"<table class=""table table-bordered table-sm usage""><tbody><tr><td>Ru-verb</td><td>る -&gt; させる</td></tr><tr><td>U-verb</td><td>(ない form) ない -&gt; せる</td></tr><tr><td>する</td><td>させる</td></tr><tr><td>やる</td><td>やらせる</td></tr><tr><td>くる</td><td>こさせる</td></tr></tbody></table>",Example #1母は私に自分の部屋を片付けさせた。hintromajiEnglishはははわたしにじぶんのへやをかたづけさせた。haha wa watashi ni jibun no heya o katadzuke saseta.My mother made me clean up my own room.,Example #2この仕事は部下にやらせます。hintromajiEnglishこのしごとはぶかにやらせます。kono shigoto wa buka ni yarasemasu.I'll make one of my subordinates do this task.,https://jlptsensei.com/learn-japanese-grammar/%e3%81%95%e3%81%9b%e3%82%8b-saseru-causative-form-meaning/
sasete kudasai,させてください,"Learn Japanese grammar: (sasete kudasai). Meaning: please let me do. This must be with a verb’s て version of . When referring to yourself, you...","<table class=""table table-bordered table-sm usage""><tbody><tr><td>Verb<br/>(causative て form)</td><td>ください</td></tr></tbody></table>",Example #1質問させてください。hintromajiEnglishしつもんさせてください。shitsumon sasete kudasai.Please allow me to ask you a question.,Example #2私のことをあなたに話させてください。hintromajiEnglishわたしのことをあなたにはなさせてください。watashi no koto o anata ni hanasasete kudasai.Please let me tell you about myself.,https://jlptsensei.com/learn-japanese-grammar/%e3%81%95%e3%81%9b%e3%81%a6%e3%81%8f%e3%81%a0%e3%81%95%e3%81%84-sasete-kudasai-meaning/
sasuga,さすが,as one would expect; as is to be expected; even ~,<em>(no usage table)</em>,,,https://jlptsensei.com/learn-japanese-grammar/%e3%81%95%e3%81%99%e3%81%8c%e3%81%ab-sasuga-ni-meaning/
shi,し,Learn Japanese grammar: (shi). Meaning: and; and what’s more ~ (emphasis). This is mainly used to:,"<table class=""table table-bordered table-sm usage""><tbody><tr><td>Verb (casual)</td><td rowspan=""4"">し</td></tr><tr><td>Noun + だ</td></tr><tr><td>な-adjective + だ</td></tr><tr><td>い-adjective</td></tr></tbody></table>","Example #1このコートは色がきれいだし、好きなデザインだし。買いたいですよ。hintromajiEnglishこのコートはいろがきれいだし、すきなデザインだし。かいたいですよ。kono kooto wa iro ga kirei da shi, sukina dezain da shi. kaitai desu yo.This coat has a beautiful color and I like the design. I really want to buy it.","Example #2今日は週末だったし、天気が良かったので、公園は人が多かったです。hintromajiEnglishきょうはしゅうまつだったし、てんきがよかったので、こうえんはひとがおおかったです。kyou wa shuumatsu datta shi, tenki ga yokatta node, kouen wa hito ga ookatta desu.It's the weekend and the weather is nice so the park was packed with people",https://jlptsensei.com/learn-japanese-grammar/%e3%81%97-shi-meaning/
sonna ni,そんなに,"Learn Japanese grammar: (sonna ni). Meaning: so, so much, like that. This can be used both mid-sentence or to start a new sentence. It can...","<table class=""table table-bordered table-sm usage""><tbody><tr><td rowspan=""3"">そんなに</td><td>Verb</td></tr><tr><td>な-adjective</td></tr><tr><td>い-adjective</td></tr></tbody></table>",Example #1昨日はそんなに忙しくなかった。hintromajiEnglishきのうはそんなにいそがしくなかった。kinou wa sonna ni isogashiku nakatta.Yesterday was not so busy.,Example #2日本語はそんなに難しくないよ。hintromajiEnglishにほんごはそんなにむずかしくないよ。nihongo wa sonna ni muzukashi kunai yo.Japanese is not that difficult..,https://jlptsensei.com/learn-japanese-grammar/%e3%81%9d%e3%82%93%e3%81%aa%e3%81%ab-sonnna-ni-meaning/
sore demo,それでも,Learn Japanese grammar: (sore demo). Meaning: but still; and yet; even so ~.,"<table class=""table table-bordered table-sm usage""><tbody><tr><td>Phrase 1</td><td>それでも</td><td>Phrase 2</td></tr></tbody></table>",Example #1それでもいいですか？hintromajiEnglishそれでもいいですか？sore demo ii desu ka?Is that still OK with you?,Example #2それでもあなたのことが好き。hintromajiEnglishそれでもあなたのことがすき。sore demo anata no koto ga suki.I still love you anyway.,https://jlptsensei.com/learn-japanese-grammar/%e3%81%9d%e3%82%8c%e3%81%a7%e3%82%82-sore-demo-meaning/
sore ni,それに,Learn Japanese grammar: (sore ni). Meaning: besides; in addition; also; moreover ~. This can be used similarly to and .,"<table class=""table table-bordered table-sm usage""><tbody><tr><td>それに</td><td>Phrase</td></tr></tbody></table>","Example #1チーズバーガー、それにフライドポテトをお願いします。hintromajiEnglishチーズバーガー、それにフライドポテトをおねがいします。chiizu baagaa, sore ni furaido poteto o onegaishimasu.I'd like a cheeseburger and fries please.","Example #2このアニメはとても人気がある。それに、音楽がいい。hintromajiEnglishこのアニメはとてもにんきがある。それに、おんがくがいい。kono anime wa totemo ninki ga aru. sore ni, ongaku ga ii.This anime is very popular. In addition, it has good music.",https://jlptsensei.com/learn-japanese-grammar/%e3%81%9d%e3%82%8c%e3%81%ab-sore-ni-meaning/
sou da [1],そうだ,Learn Japanese grammar: (sou da). Meaning: I heard that; it is said that ~. This lesson will focus on meaning 1:,"<table class=""table table-bordered table-sm usage""><tbody><tr><td>Verb (casual form)</td><td rowspan=""4"">そうだ<br/>そうです</td></tr><tr><td>Noun + だ</td></tr><tr><td>な-adjective + だ</td></tr><tr><td>い-adjective</td></tr></tbody></table>",Example #1彼は仕事をやめるそうだ。hintromajiEnglishかれはしごとをやめるそうだ。kare wa shigoto o yameru sou da.I heard that he will be quitting his job.,Example #2彼は金持ちだそうだ。hintromajiEnglishかれはかねもちだそうだ。kare wa kanemochi da sou da.He is said to be rich.,https://jlptsensei.com/learn-japanese-grammar/%e3%81%9d%e3%81%86%e3%81%a0-sou-da-i-heard-that/
sou da [2],そうだ,Learn Japanese grammar: (sou da). Meaning: it looks like / appears like; seeming ~. This lesson will focus on meaning 2: When used with a...,"<table class=""table table-bordered table-sm usage""><tbody><tr><td>Verb <s>ます</s> (stem form)</td><td rowspan=""3"">そう<br/>そうだ<br/>そうです</td></tr><tr><td>な-adjective</td></tr><tr><td>い-adjective + <s>い</s></td></tr></tbody></table>","Example #1いまにも、雨が降りそうだ。hintromajiEnglishいまにも、あめがふりそうだ。imanimo, ame ga furi sou da.It seems like it's gonna start raining any moment.",Example #2その人は倒れそうです。hintromajiEnglishそのひとはたおれそうです。sono hito wa taore sou desu.That person looks like they're about to fall over.,https://jlptsensei.com/learn-japanese-grammar/%e3%81%9d%e3%81%86%e3%81%a0-sou-da-looks-like/
sou ni / sou na,そうに / そうな,Learn Japanese grammar: (sou ni) / (sou na). Meaning: seems like; looks like ~. Also see lessons for:,"<table class=""table table-bordered table-sm usage""><tbody><tr><td>Verb <s>ます</s> (stem form)</td><td rowspan=""3"">そうに + Noun/Verb<br/>そうな + Noun/Verb</td></tr><tr><td>な-adjective + だ</td></tr><tr><td>い-adjective + <s>い</s></td></tr></tbody></table>",Example #1楽しそうに見える。hintromajiEnglishたのしそうにみえる。tanoshi sou ni mieru.You look like you are having fun.,Example #2楽しそうに見えた。hintromajiEnglishたのしそうにみえた。tanoshi sou ni mieta.You looked like you were having fun.,https://jlptsensei.com/learn-japanese-grammar/%e3%81%9d%e3%81%86%e3%81%ab-%e3%81%9d%e3%81%86%e3%81%aa-sou-ni-sou-na-meaning/
ta bakari,たばかり,just finished; something just occurred,<em>(no usage table)</em>,,,https://jlptsensei.com/learn-japanese-grammar/%e3%81%9f%e3%81%b0%e3%81%8b%e3%82%8a-ta-bakari-meaning/
ta tokoro,たところ,"Learn Japanese grammar: (ta tokoro). Meaning: just finished doing, was just doing.","<table class=""table table-bordered table-sm usage""><tbody><tr><td>Verb (た form)</td><td>ところ</td></tr></tbody></table>",Example #1今起きたところです。hintromajiEnglishいまおきたところです。ima okita tokoro desu.I just woke up.,Example #2昼ごはんを食べたところです。hintromajiEnglishひるごはんをたべたところです。hirugohan o tabeta tokoro desu.I was just eating lunch.,https://jlptsensei.com/learn-japanese-grammar/%e3%81%9f%e3%81%a8%e3%81%93%e3%82%8d-ta-tokoro-meaning/
tadoushi & jidoushi,他動詞 & 自動詞（たどうし & じどうし）,"Learn Japanese grammar: 【たどうし】(tadoushi) & 【じどうし】( jidoushi). Meaning: transitive & intransitive verbs. In this lesson, I will explain what is the difference between transitive and...","<table class=""table table-bordered table-sm usage""><tbody><tr><td>see rules below</td></tr></tbody></table>",,,https://jlptsensei.com/learn-japanese-grammar/%e4%bb%96%e5%8b%95%e8%a9%9e-%e8%87%aa%e5%8b%95%e8%a9%9e-transitive-intransitive-verbs-meaning/
tagaru,たがる,Meaning: want to do~ (third person). Learn Japanese Grammar 日本語文法 - JLPT N4 - たがる (tagaru). Study example sentences & vocabulary list.,"<table class=""table table-bordered table-sm usage""><tbody><tr><td>Verb (たい form) た<s>い</s></td><td>がる<br/>がっている<br/>がった<br/>がらない</td></tr></tbody></table>",Example #1その子が家に帰りたがっている。hintromajiEnglishそのこがいえにかえりたがっている。sono ko ga ie ni kaeri tagatteiru.That kid seems like he wants to go home.,"Example #2木村さんが、あなたに会いたがっていましたよ。hintromajiEnglishきむらさんが、あなたにあいたがっていましたよ。kimura-san ga, anata ni ai tagatte imashita yo.Kimura-san wanted (wants) to see you.",https://jlptsensei.com/learn-japanese-grammar/%e3%81%9f%e3%81%8c%e3%82%8b-tagaru-meaning/
tara,たら,"Learn Japanese grammar: (tara) form. Meaning: if; after; when ~. This is a basic conditional, that can be combined with any noun, adjective or verb.","<table class=""table table-bordered table-sm usage""><tbody><tr><td>Verb (た form)</td><td rowspan=""4"">ら</td></tr><tr><td>Noun + だった</td></tr><tr><td>な-adjective + だった</td></tr><tr><td>い-adjective + <s>い</s>かった</td></tr></tbody></table>","Example #1お金があったら、旅行します。hintromajiEnglishおかねがあったら、りょこうします。okane ga attara, ryokou shimasu.If I had money, I would go travel.","Example #2一口食べたら、きっと好きになるよ。hintromajiEnglishひとくちたべたら、きっとすきになるよhitokuchi tabetara, kitto suki ni naru yo.Taste one bite, and you will surely like it!",https://jlptsensei.com/learn-japanese-grammar/%e3%81%9f%e3%82%89-tara-meaning/
tara dou,たらどう,Learn Japanese grammar: (tara dou). Meaning: why don’t you; how about ~ (used to give advice).,"<table class=""table table-bordered table-sm usage""><tbody><tr><td>Verb (た form)</td><td>らどう</td></tr></tbody></table>",Example #1一緒に来たらどうですか？hintromajiEnglishいっしょにきたらどうですか？isshoni kitara dou desu ka?How about coming together with us?,Example #2静かにしたらどうですか。hintromajiEnglishしずかにしたらどうですか。shizuka ni shitara dou desu ka.How about being quiet?,https://jlptsensei.com/learn-japanese-grammar/%e3%81%9f%e3%82%89%e3%81%a9%e3%81%86-tara-dou-meaning/
tara ii desu ka,たらいいですか,Learn Japanese grammar: (tara ii desu ka). Meaning: what should I do?; speaker seeking instructions from listener.,"<table class=""table table-bordered table-sm usage""><tbody><tr><td>Verb (た form)</td><td>らいいですか</td></tr></tbody></table>",Example #1どうしたらいいですか？hintromajiEnglishどうしたらいいですか？dou shitara ii desu ka?What should I do?,Example #2どこに行ったらいいですか。hintromajiEnglishどこにいったらいいですか。doko ni ittara ii desu ka.Where should I go?,https://jlptsensei.com/learn-japanese-grammar/%e3%81%9f%e3%82%89%e3%81%84%e3%81%84%e3%81%a7%e3%81%99%e3%81%8b-tara-ii-desu-ka-meaning/
te / de,て / で,"Learn Japanese grammar: (te / de). Meaning: conjunctive particle; so; because of [A], [B]… This is used to connect 2 things and place blame on...","<table class=""table table-bordered table-sm usage""><tbody><tr><td>Verb (て form)</td></tr><tr><td>Noun +で (usually bad things)</td></tr><tr><td>な-adjective + で</td></tr><tr><td>い-adjective + <s>い</s>くて</td></tr></tbody></table>","Example #1最近は忙しくてあまり運動をしていない。hintromajiEnglishさいきんはいそがしくてあまりうんどうをしていない。saikin wa isogashi kute amari undou o shiteinai.Lately, I've been busy and so I haven't been working out.","Example #2自転車のカギをなくして、家まで歩いて帰った。hintromajiEnglishじてんしゃのかぎをなくして、いえまであるいてかえった。jitensha no kagi o nakushite, ie made aruite kaetta.I lost the key to my bicycle, so I walked home.",https://jlptsensei.com/learn-japanese-grammar/%e3%81%a6-%e3%81%a7-te-de-conjunctive-particle-meaning/
te ageru,てあげる,Learn Japanese grammar: (te ageru) / (te agemasu). Meaning: to do for; to do a favor. This can be used to either: say you are...,"<table class=""table table-bordered table-sm usage""><tbody><tr><td>Verb (て form)</td><td>あげる<br/>あげた<br/>あげない<br/>あげます</td></tr></tbody></table>",Example #1母にセーターを買ってあげた。hintromajiEnglishははにセーターをかってあげた。haha ni seetaa o katte ageta.I bought my mother a sweater.,"Example #2いいよ，僕がやってあげるよ。hintromajiEnglishいいよ、ぼくがやってあげるよ。iiyo, boku ga yatte ageru yo.No problem, I'll do it for you.",https://jlptsensei.com/learn-japanese-grammar/%e3%81%a6%e3%81%82%e3%81%92%e3%82%8b-te-ageru-%e3%81%a6%e3%81%82%e3%81%92%e3%81%be%e3%81%99-te-agemasu-meaning/
te hoshii,てほしい,Learn Japanese grammar: 【てほしい】(te hoshii). Meaning: I want you to; need you to ~. This is used to express the speaker’s desire for someone to...,"<table class=""table table-bordered table-sm usage""><tbody><tr><td>Verb (て form)</td><td rowspan=""2"">ほしい<br/>欲しい</td></tr><tr><td>Verb (ないで form)</td></tr></tbody></table>",Example #1日本語を教えてほしいです。hintromajiEnglishにほんごをおしえてほしいです。nihongo o oshiete hoshii desu.I want you to teach me Japanese.,"Example #2先生には、もっとゆっくり話してほしいです。hintromajiEnglishせんせいには、もっとゆっくりはなしてほしいです。sensei ni wa, motto yukkuri hanashite hoshii desu.I wish the teacher would speak more slowly",https://jlptsensei.com/learn-japanese-grammar/%e3%81%a6%e6%ac%b2%e3%81%97%e3%81%84-%e3%81%a6%e3%81%bb%e3%81%97%e3%81%84-te-hoshii-meaning/
te iku,ていく,Learn Japanese grammar: (te iku) / (te itta). Meaning: to start; to continue; to go on. This is used after a verb to express a...,"<table class=""table table-bordered table-sm usage""><tbody><tr><td>Verb (て form)</td><td>いく<br/>いきます<br/>いった<br/>いきました</td></tr></tbody></table>",Example #1歩いていく。hintromajiEnglishあるいていく。aruite iku.to walk / to go by walking / to start walking,Example #2彼は毎日駅まで歩いていきます。hintromajiEnglishかれはまいにちえきまであるいていきます。kare wa mainichi eki made aruite ikimasu.He walks to the station every day.,https://jlptsensei.com/learn-japanese-grammar/%e3%81%a6%e3%81%84%e3%81%8f-te-iku-%e3%81%a6%e3%81%84%e3%81%a3%e3%81%9f-te-itta-meaning/
te ita,ていた,"Learn Japanese grammar: (te ita) / (te imashita). Meaning: was doing something (past continuous). In spoken form, the い is often dropped to become てた...","<table class=""table table-bordered table-sm usage""><tbody><tr><td>Verb (て form)</td><td>いた<br/>いました</td></tr></tbody></table>",Example #1彼女はオレンジを食べていた。hintromajiEnglishかのじょはオレンジをたべていた。kanojo wa orenji o tabeteita.She was eating an orange.,Example #2今日は家でゆっくりしていました。hintromajiEnglishきょうはいえでゆっくりしていました。kyou wa ie de yukkuri shiteimashita.I relaxed at home today.,https://jlptsensei.com/learn-japanese-grammar/%e3%81%a6%e3%81%84%e3%81%9f-te-ita-meaning/
te itadakemasen ka,ていただけませんか,Learn Japanese grammar: (te itadakemasen ka). Meaning: could you please ~. This grammar can be used in combination with any verb to ask someone to...,"<table class=""table table-bordered table-sm usage""><tbody><tr><td>Verb (て form)</td><td>いただけませんか</td></tr></tbody></table>",Example #1写真を取っていただけませんか。hintromajiEnglishしゃしんをとっていただけませんか。shashin o totte itadake masen ka.Could you take a picture please?,Example #2ちょっと待っていただけませんか。hintromajiEnglishちょっとまっていただけませんか。chotto matte itadake masen ka?Could you please wait a moment?,https://jlptsensei.com/learn-japanese-grammar/%e3%81%a6%e3%81%84%e3%81%9f%e3%81%a0%e3%81%91%e3%81%be%e3%81%9b%e3%82%93%e3%81%8b-te-itadakemasen-ka-meaning/
te kureru,てくれる,Learn Japanese grammar: (te kureru) / (te kuremasu) / (te kureta). Meaning: to do a favor; request a favor; do something for someone. This can...,"<table class=""table table-bordered table-sm usage""><tbody><tr><td>Verb (て form)</td><td>くれる<br/>くれます<br/>くれない<br/>くれた<br/>くれました</td></tr></tbody></table>",Example #1手伝ってくれる？hintromajiEnglishてつだってくれる？tetsudatte kureru?Will you help me?,Example #2彼ならやってくれる。hintromajiEnglishかれならやってくれる。kare nara yatte kureru.We can count on him to help us.,https://jlptsensei.com/learn-japanese-grammar/%e3%81%a6%e3%81%8f%e3%82%8c%e3%82%8b-te-kureru-%e3%81%a6%e3%81%8f%e3%82%8c%e3%81%9f-te-kureta-meaning/
te kuru,てくる,"Learn Japanese grammar: (te kuru) / (te kimasu). Meaning: to do… and come back; to become, to continue, to start ~. This can be used...","<table class=""table table-bordered table-sm usage""><tbody><tr><td>Verb (て form)</td><td>くる<br/>きた<br/>きます<br/>きました</td></tr></tbody></table>",Example #1見えてくる。hintromajiEnglishみえてくる。miete kuruTo come into view (to start coming into view/ to continue coming into view),Example #2雨が降ってきた。hintromajiEnglishあめがふってきた。ame ga futte kita.It started raining.,https://jlptsensei.com/learn-japanese-grammar/%e3%81%a6%e3%81%8f%e3%82%8b-te-kuru-%e3%81%a6%e3%81%8d%e3%81%be%e3%81%99-te-kimasu-meaning/
te miru,てみる,Learn Japanese grammar: (te miru) / (te mimasu). Meaning: try doing ~. This is used to express that the speaker is trying to do something...,"<table class=""table table-bordered table-sm usage""><tbody><tr><td>Verb (て form)</td><td>みる<br/>みます<br/>みたい</td></tr></tbody></table>",Example #1やってみる！hintromajiEnglishやってみる！yatte miru!I'll give it a shot! / Here goes nothing!,Example #2これを使ってみる。hintromajiEnglishこれをつかってみる。kore o tsukatte miru.I'll try using this.,https://jlptsensei.com/learn-japanese-grammar/%e3%81%a6%e3%81%bf%e3%82%8b-te-miru-%e3%81%a6%e3%81%bf%e3%81%9f%e3%81%84-te-mitai-meaning/
te morau,てもらう,Learn Japanese grammar: (te morau) / (te moraimasu) / (te moraitai). Meaning: to get somebody to do something; request a favor. It is often used...,"<table class=""table table-bordered table-sm usage""><tbody><tr><td>Verb (て form)</td><td>もらう<br/>もらいます<br/>もらいたい<br/>もらわない<br/>もらいません</td></tr></tbody></table>",Example #1彼に来てもらう。hintromajiEnglishかれにきてもらう。kare ni kite morau.I will have him come.,Example #2先生に作文を直してもらう。hintromajiEnglishせんせいにさくぶんをなおしてもらう。sensei ni sakubun o naoshite morau.I'll have my teacher check my writing/essay.,https://jlptsensei.com/learn-japanese-grammar/%e3%81%a6%e3%82%82%e3%82%89%e3%81%86-te-morau-%e3%81%a6%e3%82%82%e3%82%89%e3%81%84%e3%81%9f%e3%81%84-te-moraitai-meaning/
te oku,ておく,Learn Japanese grammar: (te oku). Meaning: to do something in advance. This may also be used as: ておきます (te okimasu). ておいて (te oite).,"<table class=""table table-bordered table-sm usage""><tbody><tr><td>Verb (て form)</td><td>おく<br/>おきます<br/>おいて</td></tr></tbody></table>",Example #1お弁当を作っておいたよ。hintromajiEnglishおべんとうをつくっておいたよ。obentou o tsukutte oita yo.I made your bento (lunch box) already.,Example #2出かける前に何か食べておこう。hintromajiEnglishでかけるまえになにかたべておこう。dekakeru mae ni nanika tabete okou.Let's eat something before we head out.,https://jlptsensei.com/learn-japanese-grammar/%e3%81%a6%e3%81%8a%e3%81%8f-te-oku-meaning/
te shimau / chau,てしまう / ちゃう,"Learn Japanese grammar: (te shimau) & (chau). Meaning: to do something by accident, to finish completely. This may in some cases also express regret, but...","<table class=""table table-bordered table-sm usage""><tbody><tr><td>Verb (て form)</td><td>しまう<br/>しまいます<br/>しまった</td></tr><tr><td>Verb <s>(て form)</s></td><td>ちゃう<br/>ちゃった</td></tr><tr><td>Verb <s>(で form)</s></td><td>じゃう<br/>じゃった</td></tr></tbody></table>",Example #1仕事は全部終わってしまいました。hintromajiEnglishしごとはぜんぶおわってしまいました。shigoto wa zenbu owatte shimai mashita.I've finished with all of my work.,"Example #2疲れが出たので、寝ちゃった。hintromajiEnglishつかれがでたので、ねちゃった。tsukare ga deta node, nechatta.I was tired and so I fell asleep.",https://jlptsensei.com/learn-japanese-grammar/%e3%81%a6%e3%81%97%e3%81%be%e3%81%86-te-shimau-%e3%81%a1%e3%82%83%e3%81%86-meaning/
te sumimasen,てすみません,Learn Japanese grammar: (te sumimasen). Meaning: I’m sorry for..,"<table class=""table table-bordered table-sm usage""><tbody><tr><td>Verb (て form)</td><td>すみません</td></tr></tbody></table>",Example #1遅れてすみません。hintromajiEnglishおくれてすみません。okurete sumimasen.I'm sorry for being late.,Example #2心配をかけてすみません。hintromajiEnglishしんぱいをかけてすみません。shinpai o kakete sumimasen.I apologize for causing you concern.,https://jlptsensei.com/learn-japanese-grammar/%e3%81%a6%e3%81%99%e3%81%bf%e3%81%be%e3%81%9b%e3%82%93-te-sumimasen-meaning/
te yaru,てやる,"Learn Japanese grammar: (te yaru). Meaning: to do for; to do a favor (casual spoken). It is the same as , but more casual and...","<table class=""table table-bordered table-sm usage""><tbody><tr><td>Verb (て form)</td><td>やる<br/>やらない</td></tr></tbody></table>",Example #1手伝ってやる。hintromajiEnglishてつだってやる。tetsudatte yaru.I'll help you out / let me help you out.,"Example #2いいよ，僕がやってやるよ。hintromajiEnglishいいよ、ぼくがやってやるよ。iiyo, boku ga yatte yaru yo.No problem, I'll do it for you.",https://jlptsensei.com/learn-japanese-grammar/%e3%81%a6%e3%82%84%e3%82%8b-te-yaru-meaning/
te yokatta,てよかった,Learn Japanese grammar: (te yokatta). Meaning: I’m glad that ~.,"<table class=""table table-bordered table-sm usage""><tbody><tr><td>Verb (て form)</td><td>よかった</td></tr></tbody></table>",Example #1行ってよかった！hintromajiEnglishいってよかった！itte yokatta!I'm glad I went!,Example #2これを買ってよかった。hintromajiEnglishこれをかってよかった。kore o katte yokatta.I'm glad I bought this.,https://jlptsensei.com/learn-japanese-grammar/%e3%81%a6%e3%82%88%e3%81%8b%e3%81%a3%e3%81%9f-te-yokatta-meaning/
teiru tokoro,ているところ,in the process of doing,<em>(no usage table)</em>,,,https://jlptsensei.com/learn-japanese-grammar/%e3%81%a6%e3%81%84%e3%82%8b%e3%81%a8%e3%81%93%e3%82%8d-teiru-tokoro-meaning/
temo,ても,"Learn Japanese grammar: (temo) & (demo). Meaning: even; even if; even though ~. Be careful to not confuse this with , which is has a...","<table class=""table table-bordered table-sm usage""><tbody><tr><td>Verb (て form)</td><td rowspan=""4"">も</td></tr><tr><td>Noun + で</td></tr><tr><td>な-adjective + で</td></tr><tr><td>い-adjective + <s>い</s>くて</td></tr></tbody></table>","Example #1たくさん食べても、お腹が空きます。hintromajiEnglishたくさんたべても、おなかがすきます。takusan tabetemo, onaka ga sukimasu.Even if I eat a lot, I still feel hungry.","Example #2日曜日でも、働きます。hintromajiEnglishにちようびでも、はたらきます。nichiyoubi demo, hatarakimasu.I work even on Sundays.",https://jlptsensei.com/learn-japanese-grammar/%e3%81%a6%e3%82%82-temo-meaning/
to,と,"Learn Japanese grammar: (to). Meaning: whenever [A] happens, [B] also happens. Do not confuse this with the .","<table class=""table table-bordered table-sm usage""><tbody><tr><td>Verb (dictionary / ない form)</td><td rowspan=""4"">と</td></tr><tr><td>Noun + だ</td></tr><tr><td>な-adjective + だ</td></tr><tr><td>い-adjective + い</td></tr></tbody></table>","Example #1ラーメンを毎日食べると太りますよ。hintromajiEnglishラーメンをまいにちたべるとふとりますよ。raamen o mainichi taberu to futorimasu yo.If you eat ramen everyday, you're gonna gain weight.","Example #2寝る前に甘い物を食べると虫歯になります。hintromajiEnglishねるまえにあまいものをたべるとむしばになります。neru mae ni amai mono o taberu to mushiba ni narimasu.If you eat sweets before going to bed, you will get a cavity.",https://jlptsensei.com/learn-japanese-grammar/%e3%81%a8-to-meaning-whenever/
to ittemo ii,と言ってもいい（といってもいい）,Learn Japanese grammar: 【といってもいい】(to ittemo ii). Meaning: you could say; one might say; I’d say ~. This is a combination of the grammar lessons: –...,"<table class=""table table-bordered table-sm usage""><tbody><tr><td>phrase</td><td>と言ってもいい<br/>といっても</td></tr></tbody></table>",Example #1それはよい買い物だったといってもいいでしょう。hintromajiEnglishそれはよいかいものだったといってもいいでしょう。sore wa yoi kaimono to ittemo ii deshou.I'd say it was a good buy.,"Example #2彼はやさしいが，だまされやすいといってもいい。hintromajiEnglishかれはやさしいが、だまされやすいといってもいい。kare wa yasashii ga, damasare yasui to ittemo ii.He's a kind person, but could be said to be a bit easy to be deceived.",https://jlptsensei.com/learn-japanese-grammar/%e3%81%a8%e8%a8%80%e3%81%a3%e3%81%a6%e3%82%82%e3%81%84%e3%81%84-to-ittemo-ii-meaning/
to iu,という,Learn Japanese grammar: 【という】(to iu). Meaning: called; named; that ~. Both the kanji form と言う and hiragana form という are regularly used. Many different meanings...,"<table class=""table table-bordered table-sm usage""><tbody><tr><td>Noun</td><td rowspan=""2"">と言う<br/>という<br/>と言います<br/>といいます</td></tr><tr><td>Phrase</td></tr></tbody></table>","Example #1この犬はバディーという名前です。hintromajiEnglishこのいぬはバディーというなまえです。kono inu wa badii to iu namae desu.This dog is called ""Buddy"".","Example #2昨日、トムという人に会いました。hintromajiEnglishきのう、トムというひとにあいました。kinou, tomu to iu hito ni aimashita.Yesterday, I met a person called Tom.",https://jlptsensei.com/learn-japanese-grammar/%e3%81%a8%e3%81%84%e3%81%86-to-iu-meaning/
to iu koto,ということ,Learn Japanese grammar: (to iu koto). Meaning: convert phrase into noun.,"<table class=""table table-bordered table-sm usage""><tbody><tr><td>Verb (casual)</td><td rowspan=""4"">ということ</td></tr><tr><td>Noun + だ</td></tr><tr><td>な-adjective + だ</td></tr><tr><td>い-adjective</td></tr></tbody></table>",Example #1あなたが私の声が好きだということがとても嬉しいです。hintromajiEnglishあなたがわたしのこえがすきだということがとてもうれしいです。anata ga watashi no koe ga suki da to iu koto ga totemo ureshii desu.I'm so glad you like my voice.,Example #2あなたが会社をやめるということは本当ですか。hintromajiEnglishあなたがかいしゃをやめるということはほんとうですか。anata ga kaisha o yameru to iu koto wa hontou desuka?Is it true that you're quitting the company?,https://jlptsensei.com/learn-japanese-grammar/%e3%81%a8%e3%81%84%e3%81%86%e3%81%93%e3%81%a8-to-iu-koto-meaning/
to iwarete iru,と言われている（といわれている）,Learn Japanese grammar: 【といわれている】(to iwarete iru). Meaning: it is said that ~.,"<table class=""table table-bordered table-sm usage""><tbody><tr><td>Verb (casual, past)</td><td rowspan=""3"">と言われている</td></tr><tr><td>Noun + だ</td></tr><tr><td>Adjective (standard, past)</td></tr></tbody></table>",Example #1彼は天才だと言われている。hintromajiEnglishかれはてんさいだといわれている。kare wa tensai da to iwareteiru.He is said to be a genius.,Example #2彼は来月に退職すると言われている。hintromajiEnglishかれはらいげつにたいしょくするといわれている。kare wa raigetsu ni taishoku suru to iwarete iru.It's being said that he will quit next month.,https://jlptsensei.com/learn-japanese-grammar/%e3%81%a8%e8%a8%80%e3%82%8f%e3%82%8c%e3%81%a6%e3%81%84%e3%82%8b-to-iwarete-iru-meaning/
to kiita,と聞いた（ときいた）,I heard...,<em>(no usage table)</em>,,,https://jlptsensei.com/learn-japanese-grammar/%e3%81%a8%e8%81%9e%e3%81%84%e3%81%9f-%e3%81%a8%e3%81%8d%e3%81%84%e3%81%9f-to-kiita-meaning/
to omou,と思う（とおもう）,Learn Japanese grammar: 【とおもう】(to omou). Meaning: to think…; I think…; you think… This can be used to describe your own thoughts or someone else’s thoughts....,"<table class=""table table-bordered table-sm usage""><tbody><tr><td>Verb</td><td rowspan=""4"">と思う<br/>と思います<br/>と思わない<br/>と思いません</td></tr><tr><td>Noun + だ</td></tr><tr><td>な-adjective + だ</td></tr><tr><td>い-adjective</td></tr></tbody></table>",Example #1きれいだと思わない？hintromajiEnglishきれいだとおもわない？kirei da to omowanai?Don't you think it's beautiful?,Example #2それはかなりむずかしいと思います。hintromajiEnglishそれはかなりむずかしいとおもいます。sore wa kanari muzukashii da to omoimasu.I think that is extremely difficult.,https://jlptsensei.com/learn-japanese-grammar/%e3%81%a8%e6%80%9d%e3%81%86-to-omou-meaning/
toka~toka,とか～とか,"Learn Japanese grammar: (toka~toka). Meaning: among other things; such as; like ~. This is usually used to list multiple examples, though it can also be...","<table class=""table table-bordered table-sm usage""><tbody><tr><td>Verb (dictionary form) + とか</td><td>Verb (dictionary form) + とか</td></tr><tr><td>Noun + とか</td><td>Noun + とか</td></tr></tbody></table>",Example #1趣味とかありますか？hintromajiEnglishしゅみとかありますか？shumi toka arimasu ka?Do you have any hobbies (or anything else you do),"Example #2私はおすしとかラーメンとか日本料理が好きです。hintromajiEnglishわたしはおすしとからーめんとかにほんりょうりがだいすきです。watashi wa osushi to ka raamen to ka nihon ryouri ga daisuki desu.I love Japanese food, like sushi, ramen, etc.",https://jlptsensei.com/learn-japanese-grammar/%e3%81%a8%e3%81%8b%ef%bd%9e%e3%81%a8%e3%81%8b-toka-toka-meaning/
tokoro,ところ,Learn Japanese grammar: (tokoro). Meaning: just about to; on the verge of doing something.,"<table class=""table table-bordered table-sm usage""><tbody><tr><td>Verb (casual, non-past)</td><td>ところ</td></tr></tbody></table>","Example #1今、出かけるところです。hintromajiEnglishいま、でかけるところです。ima, dekakeru tokoro desu.I am just about to leave.",Example #2これから料理を作るところです。hintromajiEnglishこれからりょうりをつくるところです。kore kara ryouri o tsukuru tokoro desu.I am about to start cooking.,https://jlptsensei.com/learn-japanese-grammar/%e3%81%a8%e3%81%93%e3%82%8d-tokoro-meaning/
tsuzukeru,続ける（つづける）,"Learn Japanese grammar: 【つづける】(tsuzukeru). Meaning: continue to; keen on ~. This is used to express continuous action, or to show someone is keen on doing...","<table class=""table table-bordered table-sm usage""><tbody><tr><td>Verb (ます stem) <s>ます</s></td><td>続ける<br/>続けている<br/>続けた</td></tr></tbody></table>",Example #1昨日から雨が降り続けている。hintromajiEnglishきのうからあめがふりつづけている。kinou kara ame ga furi tsuzukete iru.It's been raining nonstop since yesterday.,Example #2父からもらった自転車を今も使い続けています。hintromajiEnglishちちからもらったじてんしゃをいまもつかいつづけています。chichi kara moratta jitensha o ima mo tsukai tsuzukete imasu.I still use the bicycle that my father gave to me even now.,https://jlptsensei.com/learn-japanese-grammar/%e7%b6%9a%e3%81%91%e3%82%8b-tsuzukeru-%e7%b6%9a%e3%81%91%e3%81%a6%e3%81%84%e3%82%8b-meaning/
tte,って,Learn Japanese grammar: (tte). Meaning: named; called ~. This may also be used as っていう (tte iu).,"<table class=""table table-bordered table-sm usage""><tbody><tr><td>Noun</td><td>って<br/>っていう</td></tr></tbody></table>","Example #1これはたい焼きっていう食べ物だよ。hintromajiEnglishこれはたいやきっていうたべものだよ。kore wa taiyaki tte iu tabe mono da yo.This is a food called ""taiyaki"".",Example #2コストコってスーパーに行ったことがありますか。hintromajiEnglishコストコってスーパーにいったことがありますか。kosutoko tte suupaa ni itta koto ga arimasu ka?Have you ever been to the supermarket (called) Costco?,https://jlptsensei.com/learn-japanese-grammar/%e3%81%a3%e3%81%a6-tte-meaning/
ukemi kei,受身形（うけみけい）,"Learn Japanese grammar: 【うけみけい】(ukemi kei). Meaning: Japanese passive form or passive voice. Often displayed as られる、される、こられる (rareru, sareru, korareru). Passive verbs are verbs that are...","<table class=""table table-bordered table-sm usage""><tbody><tr><td>Ru-verb</td><td>る -&gt; られる</td></tr><tr><td>U-verb</td><td>(ない form) ない -&gt; れる</td></tr><tr><td>する</td><td>される</td></tr><tr><td>くる</td><td>こられる</td></tr></tbody></table>",Example #1ケーキが誰かに食べられた！hintromajiEnglishケーキがだれかにたべられた！keeki ga dare ka ni taberareta!The cake was eaten by somebody!,Example #2みんなに変だと言われます。hintromajiEnglishみんなにへんだといわれます。minna ni hen da to iwaremasu.Everyone tells me that I am strange.,https://jlptsensei.com/learn-japanese-grammar/%e5%8f%97%e8%ba%ab%e5%bd%a2-ukemi-japanese-passive-form/
wa~ga... wa,は〜が… は,[A] but [B]; however; comparison,<em>(no usage table)</em>,,,https://jlptsensei.com/learn-japanese-grammar/%e3%81%af%e3%80%9c%e3%81%8c%ef%bd%9e%e3%81%af-wa-ga-wa-meaning-but-however/
yasui,やすい,Learn Japanese grammar: (yasui). Meaning: easy to; likely to; prone to; have a tendency to ~. Meaning 1) easy to do 見 (mi yasui). Easy...,"<table class=""table table-bordered table-sm usage""><tbody><tr><td>Verb <s>ます</s> (stem form)</td><td>やすい</td></tr></tbody></table>",Example #1日本語は分かりやすいです。hintromajiEnglishにほんごはわかりやすいです。nihongo wa wakari yasui desu.Japanese is easy to understand.,Example #2先生の声が聞きやすいです。hintromajiEnglishせんせいのこえがききやすいです。sensei no koe ga kiki yasui desu.The teacher's voice is easy to hear / easy to listen to.,https://jlptsensei.com/learn-japanese-grammar/%e3%82%84%e3%81%99%e3%81%84-yasui-meaning/
yatto,やっと,Learn Japanese grammar: (yatto). Meaning: at last; finally; barely; narrowly ~. This can be used to express two different meanings: at last; finally (this meaning...,"<table class=""table table-bordered table-sm usage""><tbody><tr><td>やっと</td><td>phrase</td></tr></tbody></table>",Example #1やっとレポートを書き上げた。hintromajiEnglishやっとレポートをかきあげた。yatto repooto o kaki ageta.I finally finished writing my report.,Example #2私はやっと家に帰ることが出来る。hintromajiEnglishわたしはやっといえにかえることができる。watashi wa yatto ie ni kaeru koto ga dekiru.I can finally return home!,https://jlptsensei.com/learn-japanese-grammar/%e3%82%84%e3%81%a3%e3%81%a8-yatto-meaning/
yori,より,"Learn Japanese grammar: (yori). Meaning: than; rather than; more than ~. (yori) is used to say rather, rather than, or more than: [A]、[B]。 Rather than...","<table class=""table table-bordered table-sm usage""><tbody><tr><td>[A]より[B]</td></tr><tr><td>OR より + adjective</td></tr></tbody></table>",Example #1今日は昨日より暑いです。hintromajiEnglishきょうはきのうよりあついです。kyou wa kinou yori atsui desu.Today is more hot than yesterday.,"Example #2最近、円はドルより安い。hintromajiEnglishさいきん、えんはドルよりやすい。saikin, en wa doru yoru yasui.Lately the Yen is cheaper than the dollar.",https://jlptsensei.com/learn-japanese-grammar/%e3%82%88%e3%82%8a-yori-meaning/
yotei da,予定だ（よていだ）,"plan to, intend to",<em>(no usage table)</em>,,,https://jlptsensei.com/learn-japanese-grammar/%e4%ba%88%e5%ae%9a%e3%81%a0-yotei-da-meaning/
you da,ようだ,Meaning: appears / seems / looks as if.. Learn Japanese N4 Grammar ようだ (you da). Study how to use with examples & vocabulary list at jlptsensei.com. 日本語能力試験のための文法レッスン,"<table class=""table table-bordered table-sm usage""><tbody><tr><td>Verb (casual)</td><td rowspan=""4"">ようだ</td></tr><tr><td>Noun + の</td></tr><tr><td>な-adjective + な</td></tr><tr><td>い-adjective</td></tr></tbody></table>",Example #1雨のようだ。hintromajiEnglishあめのようだ。ame no you da.It looks like rain..,Example #2そのようだ。hintromajiEnglishそのようだ。sono you da.It seems to be that way.,https://jlptsensei.com/learn-japanese-grammar/%e3%82%88%e3%81%86%e3%81%a0-you-da-meaning/
you ni / you na,ように / ような,Meaning: just like; just as; similar to.. Learn Japanese N4 Grammar ように・ような (you ni/you na). Study how to use with examples & vocabulary list at jlptsensei.com. 日本語能力試験のための文法レッスン,"<table class=""table table-bordered table-sm usage""><tbody><tr><td>Verb (casual)</td><td rowspan=""2"">ように<br/>ような</td></tr><tr><td>Noun + の</td></tr></tbody></table>",Example #1犬のように働いている。hintromajiEnglishいぬのようにはたらいている。inu no you ni hataraiteiru.I'm working like a dog,Example #2その二人は燃えるような愛がありますね。hintromajiEnglishそのふたりはもえるようなあいがありますね。sono futari wa moeru you na ai ga arimasune.Those two seem to have a smoldering-like love for each other.,https://jlptsensei.com/learn-japanese-grammar/%e3%82%88%e3%81%86%e3%81%ab-%e3%82%88%e3%81%86%e3%81%aa-you-ni-na-meaning/
you ni naru,ようになる,Learn Japanese grammar: (you ni naru). Meaning: to reach the point that; to come to be that; to turn into ~. can be conjugated freely...,"<table class=""table table-bordered table-sm usage""><tbody><tr><td>Verb (dictionary form)</td><td rowspan=""2"">ようになる</td></tr><tr><td>Verb (ない form)</td></tr></tbody></table>","Example #1大きくなったら分かるようになるよ。hintromajiEnglishおおきくなったらわかるようになるよ。ookiku nattara wakaru you ni naru yo.When you get older, you'll understand.","Example #2毎日練習すれば、泳げるようになります。hintromajiEnglishまいにちれんしゅうすれば、およげるようになります。mainichi renshuu sureba, oyogeru youni narimasu.If you practice everyday, you'll eventually be able to swim.",https://jlptsensei.com/learn-japanese-grammar/%e3%82%88%e3%81%86%e3%81%ab%e3%81%aa%e3%82%8b-you-ni-naru-meaning/
you ni suru,ようにする,Learn Japanese grammar: (you ni suru) / (you ni shiteiru). Meaning: to try to; to make sure that ~. Different ways to use:,"<table class=""table table-bordered table-sm usage""><tbody><tr><td>Verb (dictionary form)</td><td rowspan=""2"">ようにする<br/>ようにします<br/>ようにしている<br/>ようにしています</td></tr><tr><td>Verb (ない form)</td></tr></tbody></table>",Example #1明日早く起きるようにする。hintromajiEnglishあしたはやくおきるようにする。ashita hayaku okiru you ni suru.I'll try to wake up early tomorrow.,Example #2それを忘れないようにする。hintromajiEnglishそれをわすれないようにする。sore o wasurenai you ni suru.I'll be sure to remember that.,https://jlptsensei.com/learn-japanese-grammar/%e3%82%88%e3%81%86%e3%81%ab%e3%81%99%e3%82%8b-you-ni-suru-%e3%82%88%e3%81%86%e3%81%ab%e3%81%97%e3%81%a6%e3%81%84%e3%82%8b-meaning/
you to omou,ようと思う（ようとおもう）,Learn Japanese grammar: 【ようとおもう】(you to omou). Meaning: thinking of doing; planning to ~. This can be used to describe your own thoughts or someone else’s...,"<table class=""table table-bordered table-sm usage""><tbody><tr><td>Verb (volitional form)<br/>(よう form)</td><td>と思う<br/>とは思わない<br/>と思います<br/>と思っている</td></tr></tbody></table>",Example #1日本に留学しようと思っています。hintromajiEnglishにほんにりゅうがくしようとおもっています。nihon ni ryuugaku shiyou to omotte imasu.I'm thinking to go study abroad in Japan.,Example #2大学で働こうと思っています。hintromajiEnglishだいがくではたらこうとおもっています。daigaku de hatarakou to omotte imasu.I'm thinking to work at the University.,https://jlptsensei.com/learn-japanese-grammar/%e3%82%88%e3%81%86%e3%81%a8%e6%80%9d%e3%81%86-you-to-omou-meaning/
zehi,ぜひ,"Learn Japanese grammar: (zehi). Meaning: by all means; certainly; definitely ~. In higher JLPT levels, the kanji form will be used 是非.","<table class=""table table-bordered table-sm usage""><tbody><tr><td>ぜひ<br/>是非</td><td>Phrase</td></tr></tbody></table>",Example #1私はぜひそこで働きたい。hintromajiEnglishわたしはぜひそこではたらきたい。watashi wa zehi soko de hatarakitai.I would really like to work there.,"Example #2ぜひ、今度うちへ遊びに来てください。hintromajiEnglishぜひ、こんどうちへあそびにきてください。zehi, kondo uchi e asobi ni kite kudasai.Definitely please come over to hang out sometime.",https://jlptsensei.com/learn-japanese-grammar/%e3%81%9c%e3%81%b2-zehi-meaning/
zenzen~nai,全然～ない（ぜんぜん～ない）,(not) at all,<em>(no usage table)</em>,,,https://jlptsensei.com/learn-japanese-grammar/%e5%85%a8%e7%84%b6%ef%bd%9e%e3%81%aa%e3%81%84-zenzen-nai-meaning/
zurai,づらい,"Learn Japanese grammar: (zurai). Meaning: difficult to do ~. This is very similar in meaning to . To say the opposite, that something is “easy...","<table class=""table table-bordered table-sm usage""><tbody><tr><td>Verb (ます stem) <s>ます</s></td><td>づらい</td></tr></tbody></table>",Example #1この質問には答えづらいです。hintromajiEnglishこのしつもんにはこたえづらいです。kono shitsumon niwa kotae zurai desu.This question is difficult to answer.,"Example #2この本は字が小さくて読みづらいです。hintromajiEnglishこのほんはじがちいさくてよづらいです。kono hon wa ji ga chiisakute yomi zurai desu.This books print is too small, it's difficult to read.",https://jlptsensei.com/learn-japanese-grammar/%e3%81%a5%e3%82%89%e3%81%84-zurai-meaning/
